AppSize(Bytes),AppRestriction,AppType,SupportDeviceNum,DisplayedScreenshotNum,SupportLanguageNum
100788224,4+,Games,38,5,10
10485713,4+,Games,43,5,1
70023168,4+,Games,38,0,10
49618944,4+,Games,38,4,11
55153664,4+,Games,38,5,2
10735026,4+,Games,43,0,1
6169600,4+,Games,40,5,1
66872320,9+,Games,37,0,1
32164864,4+,Games,38,5,1
55205888,4+,Games,40,0,1
66695168,4+,Games,40,5,1
41691136,9+,Games,37,3,15
55803904,4+,Games,43,4,1
66160640,4+,Games,37,0,1
27962441,12+,Games,43,5,1
168192000,4+,Games,37,5,4
47774720,17+,Games,38,5,1
431771648,4+,Games,43,0,6
48741376,4+,Games,37,0,1
118683648,12+,Games,37,2,1
31387648,4+,Games,37,0,11
270729216,4+,Games,37,5,7
39827456,9+,Games,38,5,1
146228224,4+,Games,37,5,3
223805440,4+,Games,43,0,5
22159360,4+,Games,37,3,9
19853312,4+,Games,40,0,1
42926080,4+,Games,40,5,15
36692992,4+,Games,37,5,1
36647936,4+,Games,37,5,6
69960704,4+,Games,37,5,13
253834240,12+,Games,40,0,1
69083136,9+,Games,37,5,17
81374398,12+,Games,43,0,1
21010210,4+,Games,43,0,1
126312448,9+,Games,38,0,5
229272576,4+,Games,38,5,1
13647872,12+,Games,40,5,1
123544576,4+,Games,38,0,12
3903508.48,4+,Games,37,5,2
31845376,4+,Games,37,5,1
8432232,4+,Games,43,0,1
27934720,9+,Games,43,5,15
376171520,4+,Games,38,0,6
364490752,12+,Games,43,5,1
32796672,17+,Games,40,3,5
125411328,4+,Games,40,0,1
63316992,4+,Games,38,5,1
15313920,17+,Games,40,5,1
32848910,4+,Games,43,4,1
52821364,17+,Games,43,0,1
37340259,17+,Games,43,0,1
7767040,4+,Games,37,3,1
175966208,4+,Games,38,0,10
5415000,4+,Games,43,0,1
878883840,17+,Games,38,5,6
22299021,4+,Games,43,0,1
47182848,4+,Games,37,5,1
17879270,12+,Games,43,0,1
105379840,9+,Games,38,0,5
75612160,4+,Games,38,5,3
84469760,12+,Games,37,1,31
76394496,4+,Games,43,5,1
581353472,17+,Games,40,0,3
114843648,9+,Games,38,3,8
199450624,9+,Games,38,5,6
529755136,12+,Games,40,5,1
101943296,4+,Games,38,4,11
151954432,4+,Games,38,5,1
104590336,4+,Games,38,5,13
225859584,9+,Games,24,5,5
234123264,9+,Games,26,5,6
219693056,9+,Games,24,5,1
176164864,4+,Games,24,5,10
71002112,4+,Games,40,5,7
14160896,4+,Games,40,0,1
25137152,9+,Games,43,5,1
61595648,4+,Games,40,5,7
35975168,4+,Games,40,5,1
14824448,4+,Games,40,3,1
227403527,12+,Games,43,5,1
52117504,9+,Games,43,5,1
359192576,4+,Games,38,5,2
121715712,12+,Games,40,0,13
304654336,12+,Games,37,5,4
99558400,4+,Games,37,5,1
16857290,9+,Games,26,5,1
41772032,4+,Games,24,5,9
62373888,4+,Games,43,5,1
191410176,4+,Games,38,5,1
33989632,4+,Games,37,0,9
51794944,4+,Games,40,5,7
19534848,4+,Games,37,5,1
77139968,4+,Games,43,5,5
624107810,12+,Games,43,5,13
27619328,4+,Games,43,0,1
812010496,4+,Games,24,5,6
511094784,9+,Games,43,5,1
39446528,4+,Games,38,5,3
106458112,4+,Games,38,4,1
124710912,9+,Games,38,5,1
97562624,4+,Games,43,5,1
275481600,9+,Games,38,5,1
1269152768,4+,Games,37,5,8
53805056,12+,Games,40,5,1
91588608,4+,Games,38,5,3
191455232,4+,Games,38,5,5
29303808,12+,Games,37,5,1
42482779,12+,Games,43,0,1
88879104,4+,Games,43,5,1
50085888,4+,Games,43,4,1
83214336,4+,Games,40,5,1
710486016,4+,Games,24,5,1
22577152,9+,Games,43,0,1
34992128,4+,Games,43,5,1
59663360,4+,Games,40,0,1
119131136,4+,Games,37,5,1
410202112,4+,Games,37,0,8
11911065,9+,Games,43,0,1
163801088,4+,Games,38,5,13
475697678,9+,Games,43,5,1
9458688,4+,Games,37,3,1
23447492,4+,Games,43,0,1
122429440,9+,Games,43,5,1
655987075,12+,Games,43,5,1
192136192,9+,Games,37,0,6
8773632,9+,Games,43,5,1
183409664,4+,Games,38,5,6
60013568,4+,Games,24,5,1
16949248,12+,Games,43,5,1
27227934,4+,Games,43,4,1
198701056,12+,Games,37,5,4
247508992,9+,Games,43,5,1
106427392,4+,Games,40,5,16
22515712,9+,Games,43,0,1
18358272,4+,Games,38,5,1
30252032,4+,Games,37,0,6
65921024,9+,Games,40,5,1
138319872,4+,Games,40,0,1
226899968,4+,Games,24,5,1
301896704,4+,Games,40,5,8
124720128,12+,Games,38,4,1
43033600,4+,Games,37,5,3
30275615,4+,Games,43,5,6
140165120,4+,Games,43,0,1
139853824,4+,Games,26,5,1
290695168,9+,Games,40,0,8
212580352,12+,Games,37,3,2
194308096,4+,Games,37,5,9
415420416,4+,Games,24,5,8
164235264,4+,Games,24,5,1
149715968,9+,Games,24,5,12
36686604,9+,Games,43,0,1
519446528,12+,Games,43,0,2
283656192,9+,Games,24,5,8
27049083,4+,Games,43,5,1
115178496,12+,Games,37,5,1
192954368,4+,Games,38,5,5
345904128,4+,Games,40,5,3
409732096,4+,Games,37,5,1
947195904,12+,Games,40,0,3
96872448,4+,Games,37,5,1
610881536,4+,Games,40,5,12
17530880,12+,Games,37,0,2
183046144,4+,Games,40,5,1
299294720,4+,Games,38,5,1
33743872,9+,Games,38,5,1
16048128,9+,Games,43,0,1
3903508.48,17+,Games,43,0,2
235259904,4+,Games,37,5,10
153074688,4+,Games,37,5,10
517828608,12+,Games,43,5,1
1861763441,17+,Games,43,5,12
79857664,4+,Games,38,5,1
209452032,9+,Games,40,5,2
92713984,9+,Games,37,5,14
36301672,9+,Games,43,0,1
507508522,9+,Games,43,0,1
123644928,12+,Games,43,5,1
214679552,9+,Games,43,5,9
1344401408,12+,Games,40,5,16
34025472,4+,Games,43,5,1
90853376,4+,Games,40,5,11
124532736,4+,Games,40,0,11
179580928,4+,Games,26,5,5
235767808,4+,Games,38,5,1
1820196864,17+,Games,43,5,12
27196416,4+,Games,38,0,1
1551412224,12+,Games,37,0,1
197306368,4+,Games,37,3,1
175780864,12+,Games,40,3,1
168557568,4+,Games,37,5,11
117258240,4+,Games,37,5,1
31578112,4+,Games,40,4,5
968384512,9+,Games,38,5,8
111875072,9+,Games,37,1,1
63676416,4+,Games,37,0,1
108813312,9+,Games,38,5,3
164236288,4+,Games,24,5,1
144414720,4+,Games,38,5,28
258739200,12+,Games,37,5,14
196291794,12+,Games,43,0,1
21745664,4+,Games,37,5,8
248307057,9+,Games,26,5,6
337177600,9+,Games,37,5,2
170055680,4+,Games,37,5,6
68499456,9+,Games,38,5,1
56817664,4+,Games,38,5,4
695603200,12+,Games,38,5,12
87581696,4+,Games,38,5,1
31039488,9+,Games,43,0,8
29511680,9+,Games,26,5,8
90374144,4+,Games,40,5,6
524803072,4+,Games,37,5,10
41246720,4+,Games,40,4,1
91591680,4+,Games,38,5,1
375949016,9+,Games,26,5,4
880267264,17+,Games,43,4,1
114197504,4+,Games,38,5,30
54852324,4+,Games,43,5,1
113278913,9+,Games,26,5,5
158416896,4+,Games,43,5,1
52539392,12+,Games,43,5,1
285982720,4+,Games,26,5,13
15481361,12+,Games,43,5,1
509022208,12+,Games,40,5,1
310633804,4+,Games,43,0,1
1861763441,17+,Games,43,5,12
120819712,12+,Games,43,3,2
20885504,4+,Games,37,5,1
124789760,4+,Games,37,5,14
63201280,12+,Games,43,5,1
49839104,4+,Games,37,5,1
147787776,9+,Games,37,1,11
99593216,4+,Games,37,0,5
726392832,17+,Games,43,4,7
46876672,4+,Games,38,0,1
63226880,4+,Games,37,0,11
1807310848,12+,Games,43,5,8
71846912,4+,Games,37,5,1
42018816,4+,Games,38,5,2
185228498,4+,Games,43,5,3
501567488,12+,Games,40,5,1
305618944,4+,Games,43,5,3
95601664,4+,Games,37,5,8
45689856,12+,Games,37,5,6
1560187904,4+,Games,38,5,1
60937216,4+,Games,38,5,19
226961408,12+,Games,37,5,1
121319424,4+,Games,40,4,11
42897408,4+,Games,40,5,18
42697029,9+,Games,43,5,1
84379648,4+,Games,38,5,1
85693440,4+,Games,37,1,5
58532864,9+,Games,24,5,1
104357888,4+,Games,43,5,6
143462400,4+,Games,43,5,1
241110016,4+,Games,37,5,1
66056192,12+,Games,40,5,1
186905600,4+,Games,38,5,4
3903508.48,4+,Games,37,1,2
468103168,12+,Games,40,5,1
45957120,4+,Games,43,5,1
143887360,4+,Games,37,5,1
157572096,4+,Games,37,4,5
169675776,12+,Games,37,4,1
104091648,4+,Games,37,5,34
64777216,4+,Games,40,5,1
184348672,4+,Games,40,5,1
40747008,4+,Games,37,5,22
882049024,9+,Games,26,5,4
86079488,12+,Games,38,5,18
58599424,4+,Games,40,5,1
58479616,4+,Games,24,5,11
134242304,9+,Games,40,5,9
210625536,9+,Games,40,5,10
176737280,4+,Games,37,5,1
161200128,4+,Games,37,0,1
461555595,12+,Games,43,0,1
656429019,9+,Games,26,5,1
258815519,4+,Games,43,5,1
37879808,17+,Games,43,5,1
58882048,4+,Games,40,5,7
489748292,9+,Games,43,5,1
171300864,4+,Games,24,5,1
161255424,4+,Games,40,5,1
145968128,4+,Games,38,5,13
23957504,9+,Games,43,5,1
113641472,4+,Games,38,5,18
1196212224,12+,Games,38,0,2
76383232,4+,Games,38,5,1
43375753,4+,Games,43,0,1
119231488,4+,Games,38,5,9
120187904,4+,Games,38,5,9
599319461,4+,Games,43,5,1
54148397,4+,Games,43,4,3
1428322304,17+,Games,40,4,1
156038144,9+,Games,38,5,1
74442752,12+,Games,43,5,1
42811392,4+,Games,24,5,16
1861763441,12+,Games,43,5,1
104166400,4+,Games,40,5,17
21049015,4+,Games,26,5,1
78962688,4+,Games,43,5,1
96497664,4+,Games,38,5,30
151254016,4+,Games,24,5,5
401727488,4+,Games,39,4,9
61468672,12+,Games,43,5,16
157290496,4+,Games,43,5,1
224559104,9+,Games,37,5,1
1222732800,4+,Games,37,5,7
58088448,12+,Games,37,5,1
171482112,4+,Games,38,5,34
111136768,12+,Games,40,2,1
146078720,9+,Games,40,2,1
240521216,4+,Games,37,5,7
68812800,12+,Games,37,5,7
76591104,12+,Games,43,4,1
829148559,12+,Games,39,4,12
130115584,4+,Games,40,5,1
1043664896,12+,Games,37,5,1
17691648,4+,Games,37,4,2
111604736,4+,Games,38,5,1
95603712,12+,Games,40,5,14
41779200,4+,Games,43,5,1
20669440,4+,Games,38,5,11
38629376,4+,Games,43,5,13
89068544,9+,Games,37,0,1
126416896,4+,Games,38,5,14
29258752,9+,Games,40,5,1
68317184,4+,Games,43,5,1
66832384,4+,Games,40,5,3
116476928,9+,Games,38,5,18
115895296,4+,Games,38,5,14
187506688,4+,Games,38,5,5
144196155,12+,Games,43,5,1
411227136,4+,Games,40,5,1
53772288,9+,Games,43,5,2
245444608,12+,Games,40,4,1
301228032,17+,Games,43,4,1
107032576,4+,Games,38,4,13
714801152,4+,Games,43,4,1
260106240,4+,Games,37,0,1
281676680,4+,Games,26,5,7
210245632,4+,Games,25,5,1
189151232,4+,Games,38,5,1
222380032,9+,Games,37,5,13
320535552,12+,Games,38,5,33
171828224,12+,Games,38,5,14
580818944,9+,Games,40,5,1
384385024,4+,Games,43,5,1
131464192,9+,Games,38,5,14
177562624,9+,Games,37,5,1
85463040,4+,Games,38,5,1
1281059840,12+,Games,43,4,1
78690304,9+,Games,38,5,8
108107776,12+,Games,38,5,1
33780714,4+,Games,43,5,1
47127849,9+,Games,43,5,1
1861763441,4+,Games,37,5,11
28681216,4+,Games,24,5,6
106917888,9+,Games,40,5,6
1433910272,4+,Games,37,5,11
34965504,4+,Games,37,5,1
19643392,12+,Games,38,5,13
86776832,4+,Games,38,5,10
1861763441,9+,Games,24,0,2
260040704,4+,Games,24,5,1
177914880,4+,Games,38,5,8
151453696,4+,Games,38,5,11
236914688,12+,Games,38,5,1
53692416,4+,Games,40,5,1
165738053,4+,Games,39,5,2
132160512,4+,Games,40,4,16
274991104,12+,Games,38,5,1
25939813,9+,Games,43,5,16
22982656,12+,Games,43,5,1
33219584,4+,Games,38,4,1
66697216,4+,Games,37,4,1
186856448,4+,Games,38,5,4
90521600,4+,Games,38,5,1
125091840,4+,Games,40,5,17
41161832,4+,Games,43,5,1
338273280,9+,Games,24,5,1
222846976,4+,Games,43,5,24
277301248,9+,Games,37,5,11
7053312,4+,Games,40,5,1
137798656,9+,Games,24,5,1
56385536,12+,Games,43,0,1
49803264,12+,Games,26,4,1
22364160,4+,Games,40,5,14
72376320,9+,Games,38,0,1
213773594,12+,Games,43,5,1
190382080,4+,Games,37,5,1
874184704,4+,Games,38,5,12
92250112,12+,Games,43,5,1
113565696,9+,Games,24,5,1
42757772,4+,Games,43,5,1
177338368,4+,Games,37,0,1
212249600,4+,Games,24,5,1
166305792,4+,Games,37,5,12
85362688,4+,Games,37,5,1
1861763441,17+,Games,39,5,13
224983040,17+,Games,37,5,9
797827072,12+,Games,39,5,1
255400960,4+,Games,40,5,5
349272064,12+,Games,40,5,7
123612160,4+,Games,38,5,12
321376256,12+,Games,38,5,1
137792512,9+,Games,40,0,1
46211072,4+,Games,37,5,11
113020928,9+,Games,40,0,15
137375744,4+,Games,43,5,2
108322816,9+,Games,37,5,1
17436862,9+,Games,43,5,1
217499648,9+,Games,24,5,15
93663232,9+,Games,43,5,1
41298944,4+,Games,38,5,2
104692736,4+,Games,43,5,10
25718784,4+,Games,40,4,16
35096576,4+,Games,40,0,11
1139261440,9+,Games,43,5,1
94110720,4+,Games,37,5,1
37110784,9+,Games,43,5,1
1861763441,17+,Games,38,5,13
228978688,12+,Games,40,4,1
158025728,9+,Games,38,5,1
38211584,9+,Games,43,4,1
205271040,12+,Games,43,5,15
936792064,12+,Games,40,5,5
171192320,9+,Games,38,5,8
205250560,17+,Games,43,5,15
69952512,12+,Games,40,5,6
1820131328,12+,Games,37,5,10
59441152,9+,Games,43,5,2
44660067,4+,Games,43,5,1
537749504,9+,Games,40,5,12
40968192,4+,Games,40,5,20
611252780,4+,Games,24,5,1
1861763441,4+,Games,39,5,1
42951284,12+,Games,43,5,2
1829599232,12+,Games,39,5,13
123449344,4+,Games,43,5,1
634097664,4+,Games,40,4,9
138681344,17+,Games,37,5,1
82499584,4+,Games,38,5,13
1161168896,17+,Games,43,3,8
72671232,4+,Games,38,5,13
1024388096,17+,Games,38,5,11
136165376,4+,Games,38,5,10
1522363392,12+,Games,37,5,1
70962176,4+,Games,38,5,19
85116928,4+,Games,37,5,1
51728384,4+,Games,43,5,1
186687488,4+,Games,37,5,7
875347968,12+,Games,38,5,8
185881600,17+,Games,38,5,12
185147392,9+,Games,40,5,1
96925696,4+,Games,38,5,1
233041920,4+,Games,39,5,22
56923703,4+,Games,43,5,1
343504896,12+,Games,37,5,1
221737984,12+,Games,40,5,1
373793792,4+,Games,38,5,1
229460992,4+,Games,40,3,1
141524992,4+,Games,37,5,5
83660800,9+,Games,43,5,2
121733120,12+,Games,39,5,7
65385472,12+,Games,40,5,3
28262400,4+,Games,43,4,16
92662784,4+,Games,37,5,1
68932608,4+,Games,43,1,1
256817152,12+,Games,40,5,5
24890368,4+,Games,37,4,18
308125696,4+,Games,43,5,3
278532096,9+,Games,24,5,14
89981952,9+,Games,40,2,1
123812864,4+,Games,38,5,11
131642368,12+,Games,37,5,1
87406592,9+,Games,40,2,1
218399744,9+,Games,40,5,10
130438144,4+,Games,37,5,1
147123200,9+,Games,38,5,16
361828352,9+,Games,43,5,8
70336512,4+,Games,43,5,1
98507776,9+,Games,37,5,6
34690172,17+,Games,43,0,1
292712448,9+,Games,40,0,1
438824960,9+,Games,24,5,1
1080938496,4+,Games,38,5,5
133768192,4+,Games,37,5,9
209825792,12+,Games,38,5,1
82397184,4+,Games,37,4,1
43646976,4+,Games,37,0,16
126216192,4+,Games,37,5,1
161118208,4+,Games,37,5,1
49524736,12+,Games,43,5,1
84934656,4+,Games,43,5,11
97505280,4+,Games,40,5,9
48369664,4+,Games,43,5,9
339898368,4+,Games,38,5,8
48181248,12+,Games,39,0,6
112133120,9+,Games,38,5,2
124666880,17+,Games,38,5,12
141391872,4+,Games,43,4,1
135512064,9+,Games,38,5,2
24502272,4+,Games,43,5,1
262421504,4+,Games,38,4,14
128262144,4+,Games,37,5,1
42917888,9+,Games,40,5,3
67177472,4+,Games,40,0,10
118273024,4+,Games,24,5,10
167030784,9+,Games,43,5,12
33418240,4+,Games,37,5,1
1861763441,12+,Games,40,5,18
1777940480,12+,Games,37,5,15
235831296,4+,Games,37,5,1
1861763441,12+,Games,40,5,5
53620736,4+,Games,43,5,30
502828032,4+,Games,38,4,8
103088128,12+,Games,40,5,1
112607232,4+,Games,43,5,8
149581824,9+,Games,43,4,7
112668672,4+,Games,38,5,6
243441664,4+,Games,38,5,1
55344128,9+,Games,43,5,1
90467328,12+,Games,37,5,2
187049984,9+,Games,37,5,1
107245568,9+,Games,40,5,1
130893824,9+,Games,38,0,11
1861763441,12+,Games,40,5,12
83931136,4+,Games,37,4,1
438601728,12+,Games,40,5,1
31798272,4+,Games,37,5,1
232590336,4+,Games,37,5,1
170172416,12+,Games,38,5,1
270895104,12+,Games,38,5,1
17430528,4+,Games,37,4,1
52387840,4+,Games,43,5,1
37103616,12+,Games,37,5,1
153100288,12+,Games,43,5,1
112562176,4+,Games,37,5,1
717484032,12+,Games,40,4,1
95661056,4+,Games,40,3,1
9931776,4+,Games,40,3,2
131477504,4+,Games,37,5,11
1654582272,17+,Games,37,5,5
1861763441,12+,Games,43,5,1
384600064,4+,Games,40,5,5
87994368,4+,Games,37,5,14
1861763441,4+,Games,40,5,1
74799104,12+,Games,37,0,18
113509376,12+,Games,37,5,1
346927104,9+,Games,40,5,1
130174976,4+,Games,38,5,1
175876096,4+,Games,38,5,14
695918592,9+,Games,36,5,1
842893312,12+,Games,40,5,1
1744486400,12+,Games,38,5,1
126036992,9+,Games,37,5,5
130421760,4+,Games,37,5,10
28557312,4+,Games,40,5,16
499580928,4+,Games,37,5,10
86220800,12+,Games,24,5,2
927440896,4+,Games,43,4,1
112141312,4+,Games,37,5,1
126050304,17+,Games,37,5,1
144809984,12+,Games,40,5,7
226834432,4+,Games,37,5,1
138738688,4+,Games,38,5,19
191706112,17+,Games,40,5,10
103740416,4+,Games,37,5,15
563081216,9+,Games,43,5,1
38466560,17+,Games,38,5,1
449130496,4+,Games,40,5,1
110870528,17+,Games,40,5,1
335650816,4+,Games,24,5,20
41937920,12+,Games,38,5,1
265484288,4+,Games,37,5,26
395522048,4+,Games,36,5,18
53260288,4+,Games,43,5,1
30641152,4+,Games,40,3,1
67786752,4+,Games,37,5,7
170844160,9+,Games,38,5,12
44654592,4+,Games,40,1,1
62558208,12+,Games,43,5,16
1790959616,17+,Games,39,5,5
1015242752,17+,Games,39,5,1
60375040,9+,Games,43,0,1
1271361536,17+,Games,37,5,15
170045440,4+,Games,43,5,1
135050240,12+,Games,37,5,13
182361088,12+,Games,38,5,1
190652416,9+,Games,24,5,1
255747072,4+,Games,38,5,13
55465984,4+,Games,43,5,1
40534016,12+,Games,40,0,1
146302976,4+,Games,38,5,13
64293888,4+,Games,40,5,16
56049664,4+,Games,43,2,1
253294592,12+,Games,37,5,11
935366656,9+,Games,38,5,10
802537472,9+,Games,40,5,13
59541504,4+,Games,40,5,1
25284608,4+,Games,43,5,1
78278656,9+,Games,38,3,1
341276672,12+,Games,38,5,11
181924864,4+,Games,38,5,12
1497927680,9+,Games,40,5,1
91312128,9+,Games,40,5,6
889060352,12+,Games,43,5,1
460077056,9+,Games,39,4,1
220386304,9+,Games,37,5,29
165612544,4+,Games,40,5,1
105250816,12+,Games,38,5,1
25294848,4+,Games,40,0,12
1182578688,9+,Games,38,5,32
3903508.48,9+,Games,37,3,2
153955328,9+,Games,38,5,4
250150912,17+,Games,40,5,1
167804928,12+,Games,38,5,1
363242496,4+,Games,37,5,4
906462208,12+,Games,38,5,15
93094912,4+,Games,38,5,9
240198656,4+,Games,38,5,8
851309568,12+,Games,38,5,1
79237120,12+,Games,38,5,13
199843840,9+,Games,39,5,10
958016512,12+,Games,37,5,14
910774272,9+,Games,39,5,1
141105152,4+,Games,40,5,10
73767936,4+,Games,40,5,6
56918016,4+,Games,38,5,2
124966912,4+,Games,38,5,9
467697664,12+,Games,38,5,1
62374912,4+,Games,37,4,14
1117057024,4+,Games,38,5,7
104550400,12+,Games,38,5,6
1861763441,12+,Games,37,1,1
164665344,12+,Games,38,5,1
66921472,4+,Games,37,4,1
262037504,4+,Games,40,5,1
98864128,4+,Games,38,5,7
30543872,4+,Games,40,5,1
272471040,4+,Games,37,5,9
312680448,9+,Games,40,5,11
775233536,12+,Games,38,5,13
613933056,12+,Games,40,5,11
224596992,4+,Games,40,5,14
82700288,4+,Games,38,5,6
179770368,12+,Games,37,5,34
71966720,4+,Games,39,4,1
144713728,12+,Games,40,5,1
109421568,12+,Games,38,5,12
69076992,4+,Games,37,4,1
71624704,4+,Games,38,5,10
151481344,4+,Games,25,5,1
1861763441,4+,Games,38,5,1
515005440,12+,Games,38,5,7
72974336,4+,Games,38,5,17
263766016,4+,Games,40,5,1
15577088,4+,Games,43,0,2
247033856,12+,Games,40,5,1
269298688,4+,Games,37,5,1
146573312,9+,Games,38,5,17
105143296,4+,Games,38,5,5
428865536,9+,Games,37,5,11
142579712,4+,Games,38,5,1
110595072,4+,Games,38,5,1
138510336,9+,Games,38,5,20
269532160,9+,Games,40,5,1
106808320,4+,Games,38,5,14
58384384,4+,Games,24,5,1
144881664,4+,Games,37,5,1
389505024,9+,Games,40,5,1
123780096,17+,Games,40,5,12
139014144,12+,Games,37,2,5
54100992,4+,Games,43,1,1
698171392,9+,Games,38,5,12
168042496,4+,Games,37,5,9
451338240,12+,Games,43,5,1
1861763441,12+,Games,38,5,1
51849216,4+,Games,37,5,26
54808576,17+,Games,43,5,16
936401920,4+,Games,40,5,1
80564224,9+,Games,39,4,1
103477248,9+,Games,37,5,11
247385088,4+,Games,37,5,26
85154816,4+,Games,37,5,19
1079500800,12+,Games,38,5,10
15258624,4+,Games,40,3,1
148408320,4+,Games,38,5,16
865561600,9+,Games,40,5,1
106971136,12+,Games,43,5,2
673243136,4+,Games,38,5,1
38051840,4+,Games,40,4,1
133456896,12+,Games,39,5,2
468258816,4+,Games,37,5,15
1098042368,9+,Games,40,5,10
320721920,4+,Games,37,5,10
344064000,17+,Games,40,5,15
122609664,4+,Games,38,5,1
16873472,4+,Games,40,5,10
26759168,12+,Games,38,1,1
1265238016,9+,Games,38,5,1
133218304,4+,Games,43,5,6
315658240,4+,Games,43,5,11
168226816,9+,Games,43,5,1
118883328,4+,Games,37,4,1
1219313664,12+,Games,36,5,5
189939712,4+,Games,38,5,4
180259840,4+,Games,37,5,1
1294111744,12+,Games,38,5,11
160192512,4+,Games,40,5,1
35201024,12+,Games,43,5,16
155365376,4+,Games,38,5,30
205014016,4+,Games,37,5,1
1861763441,17+,Games,37,5,7
47905792,17+,Games,40,4,16
581533696,4+,Games,37,5,11
131917824,12+,Games,37,5,12
908151808,9+,Games,38,4,1
185019392,12+,Games,38,5,1
174499840,4+,Games,38,4,1
32567296,4+,Games,38,5,1
80462848,4+,Games,38,5,1
766447616,4+,Games,38,5,1
61550592,9+,Games,43,4,1
60870656,4+,Games,40,5,3
395563008,9+,Games,37,5,9
314895360,4+,Games,40,5,13
169657344,9+,Games,38,5,5
714420224,9+,Games,38,5,6
221608960,4+,Games,40,5,1
93796352,4+,Games,40,5,1
1452716032,12+,Games,38,5,16
149073920,12+,Games,38,5,1
606646272,12+,Games,43,5,1
96088064,12+,Games,38,5,1
92385280,4+,Games,38,1,1
162003968,4+,Games,38,5,1
541367296,4+,Games,37,5,1
793368576,17+,Games,38,5,1
1676402688,12+,Games,37,4,1
482223104,4+,Games,37,5,10
136075264,4+,Games,40,5,3
72567808,4+,Games,38,2,1
91238400,4+,Games,37,5,1
237275136,4+,Games,38,5,8
116933632,4+,Games,37,5,1
59750400,12+,Games,38,5,3
1122046976,4+,Games,37,2,1
259990528,4+,Games,37,5,14
449393664,4+,Games,37,4,1
270014464,9+,Games,40,5,1
164665344,4+,Games,40,5,7
147554304,4+,Games,37,5,1
27975680,12+,Games,43,0,1
183009280,4+,Games,37,4,6
25448448,9+,Games,38,0,1
196248576,4+,Games,38,5,1
600535040,12+,Games,38,5,17
94363648,12+,Games,38,5,6
117937152,9+,Games,37,5,1
98627584,4+,Games,40,5,1
240103424,9+,Games,40,5,1
104359936,4+,Games,43,5,13
955272192,9+,Games,38,5,10
154361856,12+,Games,43,5,8
514434048,12+,Games,37,5,1
167555072,4+,Games,38,4,1
72339456,4+,Games,38,5,1
33681408,4+,Games,40,5,12
123222016,4+,Games,40,5,1
41732096,4+,Games,38,4,1
134600704,9+,Games,43,5,2
27910144,12+,Games,40,3,2
15790080,9+,Games,37,5,1
338566144,4+,Games,40,5,1
53638144,4+,Games,37,0,1
67262464,4+,Games,40,5,9
123356160,4+,Games,38,5,10
53654528,4+,Games,40,5,25
96093184,9+,Games,37,5,11
98557952,4+,Games,38,4,31
179816448,9+,Games,24,5,1
70488064,12+,Games,43,5,1
443423744,12+,Games,38,5,9
1361486848,12+,Games,38,5,1
68319232,9+,Games,38,5,1
836734976,4+,Games,38,4,33
113240064,4+,Games,37,5,1
6471680,4+,Games,38,4,1
131257344,17+,Games,38,4,19
180488192,4+,Games,38,5,10
16756736,4+,Games,40,5,31
169664512,4+,Games,37,5,31
37830656,4+,Games,39,4,2
149618688,9+,Games,40,5,1
56890368,4+,Games,38,5,4
15536128,4+,Games,40,5,7
510278656,9+,Games,37,5,1
103388160,12+,Games,38,5,10
161055744,4+,Games,38,5,1
170775552,4+,Games,37,5,12
187205632,9+,Games,37,5,11
22286336,4+,Games,38,4,13
23143424,4+,Games,37,5,1
50423808,4+,Games,37,5,1
40919040,9+,Games,43,5,1
228364288,9+,Games,38,5,1
49516544,4+,Games,43,5,1
241862656,4+,Games,40,5,6
25113600,4+,Games,37,3,1
105723904,4+,Games,38,5,15
108698624,4+,Games,24,5,1
21550080,4+,Games,40,5,1
179526656,9+,Games,39,1,16
38124544,12+,Games,38,5,15
660328448,9+,Games,37,5,16
454746112,9+,Games,38,5,6
133746688,4+,Games,40,5,1
147190784,4+,Games,37,5,1
47943680,9+,Games,43,5,1
1861763441,12+,Games,38,5,18
137838592,4+,Games,37,4,1
44426240,17+,Games,40,4,2
318714880,4+,Games,37,5,12
239976448,12+,Games,38,5,1
121039872,4+,Games,37,4,9
87665664,4+,Games,38,5,12
1009885184,12+,Games,38,5,6
1062202368,12+,Games,38,5,12
207059968,9+,Games,38,5,1
167641088,4+,Games,43,5,9
77043712,4+,Games,37,5,5
271392768,4+,Games,37,5,1
45298688,4+,Games,38,5,1
436621312,9+,Games,38,5,1
154898432,4+,Games,38,5,12
120459264,9+,Games,38,5,1
68837376,4+,Games,40,5,1
364130304,4+,Games,37,5,10
185914368,4+,Games,43,5,1
367181824,9+,Games,38,5,10
1861763441,12+,Games,35,5,1
263354368,4+,Games,40,5,10
310942720,12+,Games,38,4,7
6758400,4+,Games,40,0,1
72761344,4+,Games,40,4,1
672060416,4+,Games,37,5,12
398277632,4+,Games,37,5,1
160265216,4+,Games,24,5,12
232315904,4+,Games,24,5,12
536596480,4+,Games,24,5,12
191102976,4+,Games,43,5,8
96100352,12+,Games,43,5,1
446483456,4+,Games,37,5,10
285004800,4+,Games,38,5,1
116436992,9+,Games,37,5,12
1861763441,12+,Games,38,5,11
317992960,12+,Games,38,5,1
1861763441,17+,Games,38,5,9
475708416,4+,Games,37,5,1
83843072,12+,Games,37,5,1
168546304,12+,Games,43,5,10
115208192,9+,Games,37,4,1
244719616,4+,Games,40,5,1
784058368,17+,Games,38,5,10
122903552,12+,Games,38,5,15
108105728,4+,Games,38,5,11
136275968,4+,Games,38,5,1
1085844480,4+,Games,37,5,12
421027840,4+,Games,38,2,1
36531200,4+,Games,37,5,1
322693120,4+,Games,38,5,13
111458304,4+,Games,40,4,9
131387392,12+,Games,38,5,2
1861763441,12+,Games,37,5,15
317931520,12+,Games,43,5,1
357446656,12+,Games,38,5,12
37166080,4+,Games,40,5,8
1861763441,9+,Games,39,5,6
50221056,4+,Games,40,2,1
1861763441,4+,Games,37,5,11
177651712,4+,Games,43,5,8
199310336,4+,Games,38,5,30
128839680,4+,Games,38,4,1
287759360,4+,Games,38,0,3
44048384,4+,Games,38,5,14
83378176,4+,Games,39,5,26
53652480,9+,Games,38,5,1
95854592,9+,Games,43,5,1
268521472,4+,Games,38,5,1
328875008,12+,Games,38,5,1
104038400,12+,Games,40,5,7
102755328,12+,Games,39,5,14
98380800,12+,Games,38,3,1
188578816,4+,Games,38,5,1
154164224,12+,Games,38,5,1
149481472,4+,Games,38,5,1
197683200,12+,Games,39,5,1
24090624,4+,Games,37,3,1
98525184,4+,Games,38,5,1
198530048,12+,Games,37,5,1
253903872,17+,Games,38,5,13
131652608,4+,Games,37,5,19
457842688,9+,Games,40,5,1
175163392,9+,Games,24,5,5
37017600,9+,Games,38,4,16
45310976,4+,Games,40,5,1
98745344,4+,Games,38,5,12
97669120,9+,Games,43,5,1
1040563200,9+,Games,37,5,1
119820288,4+,Games,38,5,5
51105792,4+,Games,24,5,1
868048896,12+,Games,38,5,17
155480064,4+,Games,40,5,1
250017792,9+,Games,38,5,11
245901312,4+,Games,38,5,1
145223680,12+,Games,38,5,13
210842624,12+,Games,38,5,7
93380608,9+,Games,43,5,1
84611072,9+,Games,43,5,1
156652544,4+,Games,38,5,1
97153024,9+,Games,43,5,1
966167552,4+,Games,38,5,8
985080832,12+,Games,38,5,10
441925632,12+,Games,37,5,1
1177923584,4+,Games,38,5,1
3903508.48,4+,Games,40,4,1
43749376,4+,Games,40,3,1
88043520,9+,Games,43,5,1
166803456,9+,Games,40,5,1
158244864,9+,Games,43,5,1
187704320,9+,Games,24,5,1
32642048,4+,Games,43,5,1
61993984,12+,Games,38,5,16
44328960,4+,Games,37,5,1
1156409344,17+,Games,37,4,11
567183360,9+,Games,24,5,1
278003712,9+,Games,38,0,1
125194240,9+,Games,37,5,10
34040832,9+,Games,40,5,4
92622848,9+,Games,43,5,1
11337728,4+,Games,37,4,1
87174144,4+,Games,38,5,1
1861763441,9+,Games,25,5,1
75441152,4+,Games,37,5,1
180300800,12+,Games,37,5,1
15657984,12+,Games,38,1,1
1612120064,9+,Games,24,5,5
86482944,9+,Games,43,5,1
176620544,9+,Games,38,5,1
318521344,4+,Games,38,5,1
1254719488,12+,Games,38,5,7
398783488,4+,Games,38,5,13
1861763441,12+,Games,43,5,1
112316416,4+,Games,38,5,24
999398400,12+,Games,38,5,1
272482304,9+,Games,40,4,1
173314048,9+,Games,38,5,1
261382144,12+,Games,43,5,1
1861763441,12+,Games,37,5,7
90272768,9+,Games,40,5,11
27130880,9+,Games,40,5,3
766031872,12+,Games,38,5,1
131249152,4+,Games,38,5,1
1213626368,9+,Games,37,5,16
167745536,12+,Games,38,5,1
49946624,12+,Games,43,5,1
87031808,9+,Games,43,5,1
45833216,9+,Games,38,5,1
96606208,4+,Games,38,5,15
17489920,4+,Games,40,4,14
672624640,4+,Games,37,5,1
127930368,4+,Games,40,5,1
32017408,9+,Games,40,5,1
111820800,9+,Games,43,5,1
271454208,4+,Games,40,5,1
64588800,17+,Games,37,5,1
104689664,9+,Games,43,5,1
71372800,9+,Games,43,5,1
147263488,9+,Games,40,5,1
613076992,4+,Games,40,5,1
128648192,4+,Games,37,4,16
438812672,9+,Games,37,4,1
158947328,9+,Games,38,5,8
120050688,4+,Games,37,5,5
970903552,17+,Games,25,5,16
52194304,4+,Games,38,5,2
1005560832,9+,Games,39,5,1
98089984,4+,Games,38,5,1
28680192,4+,Games,40,5,1
164248576,4+,Games,38,5,9
19860480,4+,Games,43,5,1
138688512,9+,Games,38,5,1
123680768,12+,Games,40,5,3
60551168,4+,Games,40,5,11
90406912,9+,Games,38,4,12
12656640,4+,Games,40,5,1
175606784,4+,Games,37,5,10
126603264,9+,Games,37,5,1
119752704,9+,Games,37,5,15
71748608,9+,Games,37,5,13
330018816,9+,Games,37,5,9
78684160,9+,Games,43,5,1
106536960,9+,Games,43,5,1
85868544,9+,Games,40,5,1
79702016,4+,Games,37,5,1
1400971264,17+,Games,43,5,12
1190330368,12+,Games,38,5,10
1537737728,12+,Games,38,5,10
913693696,12+,Games,37,5,1
329893888,12+,Games,40,5,2
44166144,4+,Games,40,5,2
281846784,9+,Games,38,5,33
165471232,9+,Games,38,5,13
48083968,12+,Games,38,5,4
1070424064,4+,Games,38,5,11
60056576,4+,Games,37,0,1
147553280,4+,Games,37,5,10
313634816,12+,Games,38,5,1
376027136,4+,Games,40,5,1
292289536,4+,Games,38,5,1
253120512,12+,Games,38,5,1
141340672,9+,Games,40,3,1
1672032256,4+,Games,24,4,5
1671360512,4+,Games,36,0,5
143858688,4+,Games,38,4,8
18375680,4+,Games,40,5,27
104282112,12+,Games,38,5,16
1257910272,4+,Games,37,5,15
519218176,9+,Games,37,5,5
157851648,17+,Games,40,5,9
192302080,9+,Games,38,5,1
111940608,9+,Games,38,5,7
97223680,9+,Games,40,5,1
158641152,4+,Games,37,5,7
51140608,4+,Games,40,5,1
137146368,4+,Games,37,5,6
1464656896,4+,Games,35,5,17
195235840,4+,Games,38,5,11
271538176,9+,Games,38,5,10
666117120,12+,Games,37,5,11
215661568,4+,Games,38,5,1
57417728,4+,Games,38,5,1
278077440,12+,Games,38,5,1
538394624,9+,Games,38,5,3
105254912,9+,Games,43,5,1
148612096,4+,Games,40,5,1
187797504,9+,Games,37,5,1
1218220032,9+,Games,37,5,11
51179520,17+,Games,24,5,8
1274243072,4+,Games,40,5,4
116490240,9+,Games,43,5,1
79798272,9+,Games,37,4,1
173531136,4+,Games,40,5,1
74878976,4+,Games,38,5,1
74791936,4+,Games,38,4,1
148629504,4+,Games,37,5,12
102812672,9+,Games,37,5,11
79904768,12+,Games,40,5,1
54180864,4+,Games,37,5,1
98822144,12+,Games,38,5,1
72098816,4+,Games,40,5,1
33927168,12+,Games,43,3,16
161162240,4+,Games,37,5,11
680251392,12+,Games,38,5,11
239047680,9+,Games,37,5,11
341243904,4+,Games,38,1,1
802975744,12+,Games,37,5,1
137282560,4+,Games,38,5,7
105910272,4+,Games,40,5,10
146343936,4+,Games,37,5,12
52578304,4+,Games,38,4,1
393954304,4+,Games,43,5,18
370935808,9+,Games,38,5,11
545665024,4+,Games,37,5,1
37310464,12+,Games,43,5,1
312962048,9+,Games,38,5,11
1861763441,12+,Games,39,5,12
10219520,4+,Games,38,4,1
94069760,12+,Games,40,5,1
491360256,9+,Games,38,5,1
395749376,4+,Games,37,5,1
103986176,4+,Games,40,5,6
211459072,4+,Games,40,5,11
555175936,9+,Games,24,5,3
555134976,9+,Games,38,0,3
147761152,12+,Games,37,5,1
148776960,12+,Games,37,5,1
126418944,4+,Games,38,5,1
97043456,4+,Games,38,5,11
34856960,9+,Games,38,4,2
171243520,4+,Games,37,5,3
106881024,9+,Games,43,5,1
127668224,9+,Games,43,5,1
320951296,4+,Games,38,5,1
156360704,9+,Games,40,5,1
157344768,9+,Games,38,5,20
186679296,17+,Games,38,5,1
72448000,9+,Games,40,5,8
74174464,9+,Games,38,5,8
187652096,12+,Games,38,5,7
118829056,9+,Games,40,0,1
107995136,9+,Games,37,5,3
103760896,12+,Games,40,5,9
212642816,17+,Games,37,5,1
27722752,9+,Games,38,5,1
104709120,17+,Games,37,0,1
171291648,4+,Games,38,5,1
1861763441,12+,Games,33,5,1
104480768,9+,Games,43,5,1
466039808,4+,Games,38,4,1
70754304,12+,Games,39,5,1
24551424,4+,Games,38,3,1
180995072,4+,Games,37,5,1
150040576,4+,Games,38,5,1
1738707968,17+,Games,39,5,13
150786048,12+,Games,38,5,16
1861763441,4+,Games,37,5,6
138006528,9+,Games,40,5,1
1176809472,9+,Games,24,5,11
80953344,4+,Games,38,5,16
112683008,17+,Games,40,5,1
128664576,9+,Games,38,5,19
1595742208,12+,Games,40,5,1
147526656,12+,Games,37,5,1
92751872,12+,Games,40,5,10
28614656,4+,Games,40,5,1
120344576,4+,Games,40,4,1
163222528,4+,Games,38,5,1
116492288,9+,Games,40,4,4
244306944,4+,Games,40,5,18
19456000,9+,Games,43,5,1
223045632,4+,Games,37,4,8
111026176,4+,Games,38,5,2
1861763441,17+,Games,38,4,1
183342080,9+,Games,38,5,13
38349824,12+,Games,38,4,11
21727232,4+,Games,37,4,1
122327040,9+,Games,43,5,1
310361088,4+,Games,37,5,11
373496832,17+,Games,38,5,1
153575424,12+,Games,38,4,1
36985856,4+,Games,38,5,11
127147008,12+,Games,40,5,1
3903508.48,4+,Games,37,4,1
1591455744,9+,Games,24,5,4
140282880,12+,Games,40,5,1
66228224,4+,Games,37,5,14
113618944,4+,Games,40,5,1
43565056,4+,Games,40,5,13
33284096,4+,Games,38,5,6
249597952,4+,Games,40,5,1
14761984,4+,Games,38,5,2
83817472,12+,Games,37,5,1
1350787072,9+,Games,38,5,15
47482880,12+,Games,38,5,1
76611584,4+,Games,40,5,1
104660992,4+,Games,38,4,5
270143488,4+,Games,38,5,15
38133760,4+,Games,40,4,1
1731159040,12+,Games,40,5,2
1861763441,4+,Games,37,5,11
137094144,12+,Games,38,5,12
136425472,12+,Games,38,5,2
125079552,4+,Games,38,5,5
170082304,9+,Games,40,5,1
460804096,4+,Games,38,5,21
190766080,9+,Games,40,5,8
85696512,12+,Games,38,5,2
170371072,4+,Games,38,5,1
319692800,9+,Games,37,5,11
142512128,4+,Games,38,5,1
95862784,12+,Games,43,5,1
98574336,4+,Games,37,5,1
783700992,12+,Games,37,5,1
14828544,4+,Games,37,5,1
73926656,9+,Games,38,5,1
240062464,9+,Games,40,5,1
110213120,12+,Games,38,4,31
115761152,4+,Games,43,5,7
102760448,4+,Games,37,4,8
100126720,12+,Games,40,5,4
55532544,9+,Games,38,0,2
251610112,12+,Games,38,5,10
173849600,4+,Games,38,5,1
719419392,9+,Games,37,5,1
208705536,9+,Games,37,5,10
107164672,4+,Games,38,5,11
140515328,4+,Games,37,5,1
16692224,4+,Games,37,5,1
121370624,9+,Games,38,5,1
123353088,17+,Games,38,1,1
150988800,4+,Games,37,5,11
450259968,9+,Games,40,5,1
55441408,4+,Games,38,0,5
100392960,4+,Games,37,0,1
221495296,4+,Games,37,5,22
112745472,4+,Games,37,5,1
110811136,4+,Games,38,5,1
123984896,4+,Games,37,5,11
175003648,9+,Games,38,5,1
200281088,4+,Games,37,5,1
256222208,4+,Games,38,5,11
250080256,9+,Games,40,5,17
58332160,4+,Games,38,5,3
1614744576,9+,Games,37,5,7
1215169536,9+,Games,38,5,1
142140416,4+,Games,40,5,1
38805504,9+,Games,43,3,16
12034048,4+,Games,40,3,1
113778688,4+,Games,40,5,1
729790464,9+,Games,38,4,1
55869440,12+,Games,37,4,25
136356864,4+,Games,38,5,4
142196736,9+,Games,38,5,8
114266112,12+,Games,40,5,1
114073600,12+,Games,37,5,1
420385792,4+,Games,37,5,1
30650368,4+,Games,37,5,9
161444864,4+,Games,38,5,1
98312192,9+,Games,40,5,2
243791872,9+,Games,38,5,8
190799872,4+,Games,37,5,7
120923136,4+,Games,37,3,12
71931904,9+,Games,40,5,1
408956928,12+,Games,40,5,1
335666176,4+,Games,37,5,12
170766336,9+,Games,40,5,1
306733056,4+,Games,38,5,13
40808448,9+,Games,40,3,1
151109632,17+,Games,38,5,12
160539648,12+,Games,37,5,10
117735424,4+,Games,38,5,1
790288384,17+,Games,37,5,12
478513152,4+,Games,38,5,14
65225728,4+,Games,37,5,1
84405248,4+,Games,40,4,1
966435840,4+,Games,43,5,1
89121792,9+,Games,37,4,1
207793152,9+,Games,37,5,1
574139392,17+,Games,37,5,1
21389312,4+,Games,40,5,12
119513088,4+,Games,40,5,1
130527232,4+,Games,38,5,3
1165103104,12+,Games,37,5,15
1176644608,9+,Games,37,5,10
291126272,9+,Games,37,5,1
230836224,17+,Games,37,5,1
87481344,4+,Games,40,5,9
518226944,12+,Games,40,5,1
26438656,4+,Games,37,4,1
105950208,4+,Games,40,5,1
98314240,4+,Games,38,5,1
103305216,4+,Games,38,5,1
236545024,12+,Games,37,5,11
155984896,9+,Games,37,5,10
25895936,4+,Games,38,2,1
98941952,4+,Games,38,5,11
70504448,4+,Games,43,5,1
47722496,12+,Games,43,4,1
185982976,4+,Games,40,5,11
646467584,12+,Games,40,5,1
161083392,4+,Games,37,5,6
52018176,4+,Games,37,1,11
171659264,9+,Games,38,5,11
88300544,12+,Games,38,5,1
590045184,12+,Games,39,5,11
133572608,4+,Games,38,5,1
117985280,12+,Games,37,5,17
1017208832,12+,Games,24,5,1
176520192,4+,Games,40,5,12
39276544,12+,Games,43,5,16
131524608,12+,Games,38,5,1
600387584,9+,Games,37,5,13
265324544,9+,Games,38,5,1
141687808,4+,Games,38,5,8
61336576,4+,Games,40,5,1
53278720,4+,Games,37,3,11
672897024,4+,Games,40,5,5
62683136,4+,Games,37,5,1
351164416,12+,Games,37,5,6
530618368,9+,Games,38,5,1
79404032,9+,Games,37,3,1
139517952,9+,Games,38,5,17
50969600,4+,Games,37,5,1
725459968,12+,Games,37,5,6
332834816,12+,Games,38,5,1
1861763441,12+,Games,25,5,6
1042634752,17+,Games,37,5,15
154318848,4+,Games,37,5,11
69404672,9+,Games,38,5,5
39330816,4+,Games,40,4,1
161026048,9+,Games,37,5,15
104240128,17+,Games,37,5,34
117929984,4+,Games,25,5,11
117254144,4+,Games,38,5,1
154107904,12+,Games,38,4,1
651927552,9+,Games,37,5,8
129190912,9+,Games,38,5,1
1196982272,12+,Games,37,4,9
1431842816,9+,Games,37,5,8
896630784,9+,Games,25,4,8
53612544,4+,Games,37,1,1
302269440,12+,Games,38,5,1
176689152,12+,Games,40,5,1
75983872,9+,Games,38,3,1
206268416,12+,Games,37,5,1
1264988160,9+,Games,37,5,1
93063168,4+,Games,37,5,9
99317760,12+,Games,38,5,10
1006264320,9+,Games,37,5,5
267590656,12+,Games,37,5,12
427715584,17+,Games,37,5,12
67235840,4+,Games,38,5,1
1406915584,4+,Games,35,5,17
30552064,4+,Games,40,5,16
29690880,9+,Games,37,5,6
87796736,12+,Games,37,5,3
242970624,17+,Games,37,5,1
95036416,9+,Games,37,5,1
172551168,4+,Games,37,5,10
116097024,12+,Games,40,5,1
252099584,12+,Games,40,5,1
229527552,9+,Games,38,5,6
153622528,4+,Games,37,5,11
37957632,12+,Games,43,5,1
703052800,12+,Games,38,5,15
183284736,4+,Games,38,5,11
135886848,4+,Games,38,5,1
173502464,12+,Games,38,5,1
92815360,4+,Games,40,5,1
640595968,12+,Games,38,5,14
22060032,12+,Games,38,5,1
76464128,4+,Games,40,5,6
63004672,4+,Games,38,5,8
109096960,4+,Games,38,5,1
220948480,17+,Games,38,5,1
179004416,12+,Games,38,5,1
146187264,12+,Games,40,5,1
178185216,4+,Games,38,5,22
247331840,9+,Games,38,5,2
157003776,9+,Games,40,5,1
242545664,4+,Games,38,5,15
121913344,9+,Games,43,4,1
598734848,9+,Games,37,5,8
128421888,4+,Games,40,4,1
147472384,4+,Games,40,5,10
140779520,17+,Games,38,5,1
135064576,9+,Games,38,5,14
189335552,9+,Games,37,5,18
1654782976,12+,Games,38,5,10
247309312,4+,Games,40,5,7
332144640,4+,Games,37,1,1
10946560,9+,Games,38,5,1
659142656,9+,Games,24,5,11
307658752,4+,Games,40,4,1
587313152,4+,Games,38,5,1
1172922368,12+,Games,38,5,5
81724416,9+,Games,37,5,1
163149824,4+,Games,40,5,1
34203648,17+,Games,37,4,6
185572352,4+,Games,37,5,10
630600704,12+,Games,37,5,1
29378560,4+,Games,40,5,1
169729024,4+,Games,37,5,1
89993216,4+,Games,40,5,11
220282880,12+,Games,38,5,1
16656384,4+,Games,38,2,1
955524096,17+,Games,37,5,10
252966912,9+,Games,40,5,1
150142976,4+,Games,40,3,1
269402112,4+,Games,38,5,11
164357120,12+,Games,38,5,1
53579776,4+,Games,38,4,1
31567872,4+,Games,40,5,1
230216704,4+,Games,38,5,12
1861763441,9+,Games,37,5,10
47884288,4+,Games,38,4,1
362530816,4+,Games,38,4,10
100635648,4+,Games,37,5,11
126574592,9+,Games,38,5,24
63954944,9+,Games,38,5,1
180629504,9+,Games,38,5,14
227435520,12+,Games,40,5,1
124596224,4+,Games,38,5,1
226083840,9+,Games,40,5,1
40488960,4+,Games,40,4,2
126681088,9+,Games,38,5,10
32492544,4+,Games,37,4,15
578273280,9+,Games,38,5,1
640870400,9+,Games,38,5,9
55376896,17+,Games,40,5,16
1027908608,4+,Games,37,4,1
112135168,4+,Games,38,5,11
107540480,9+,Games,38,5,1
88379392,12+,Games,37,5,6
299395072,4+,Games,37,5,14
931567616,4+,Games,38,5,11
85999616,4+,Games,40,3,1
24163328,4+,Games,37,5,1
653022208,12+,Games,37,5,12
250717184,9+,Games,38,5,1
422011904,9+,Games,40,5,1
201266176,4+,Games,37,5,1
153967616,9+,Games,37,4,10
458349568,4+,Games,40,5,1
57729024,9+,Games,43,5,16
359372800,4+,Games,43,5,1
712294400,12+,Games,38,5,1
161198080,12+,Games,37,5,1
1089228800,9+,Games,38,4,1
184078336,4+,Games,37,5,12
222253056,9+,Games,43,5,9
91478016,4+,Games,38,5,11
132153344,4+,Games,37,5,11
48006144,9+,Games,40,2,1
47969280,9+,Games,37,5,13
145424384,4+,Games,38,5,11
57004032,9+,Games,43,4,1
237295616,4+,Games,37,5,21
194486272,4+,Games,37,0,1
135406592,4+,Games,40,5,1
181778432,12+,Games,38,4,3
106096640,4+,Games,38,5,11
99517440,4+,Games,38,5,1
102620160,4+,Games,38,4,1
144324608,4+,Games,38,5,32
1107044352,12+,Games,25,5,1
620323840,9+,Games,38,5,5
138526720,9+,Games,40,5,1
53430272,4+,Games,38,5,1
126610432,12+,Games,37,5,10
46831616,4+,Games,37,5,14
40531968,4+,Games,38,4,1
153125888,12+,Games,38,5,33
68730880,9+,Games,37,5,16
338048000,9+,Games,37,5,1
296790016,4+,Games,37,5,1
29124608,4+,Games,40,5,16
36184064,12+,Games,40,4,1
910734336,4+,Games,37,5,1
74728448,12+,Games,40,5,1
74420224,4+,Games,38,5,3
152692736,9+,Games,37,5,1
124445696,9+,Games,38,5,13
576817152,9+,Games,37,5,22
52744192,9+,Games,40,5,2
243613696,4+,Games,37,5,1
299850752,4+,Games,38,5,1
159918080,12+,Games,40,5,1
207542272,4+,Games,38,5,1
701620224,4+,Games,25,4,6
246233088,12+,Games,38,5,11
501043200,17+,Games,37,5,1
511979520,12+,Games,38,0,1
385683456,12+,Games,37,5,34
135558144,9+,Games,40,5,1
221279232,4+,Games,37,5,1
108232704,12+,Games,38,5,1
47736832,4+,Games,40,5,1
1563693056,12+,Games,38,5,6
136355840,12+,Games,38,5,12
359676928,4+,Games,37,5,12
149613568,4+,Games,38,5,1
143093760,9+,Games,40,5,1
149815296,12+,Games,40,4,1
173576192,4+,Games,38,5,1
153812992,9+,Games,40,5,1
157528064,12+,Games,40,5,1
254512128,17+,Games,38,5,2
291697664,12+,Games,37,5,6
29577216,9+,Games,37,5,1
107602944,4+,Games,37,5,4
172115968,4+,Games,37,5,4
165923840,4+,Games,37,5,8
33028096,12+,Games,40,5,2
201411584,4+,Games,40,5,1
65553408,4+,Games,38,5,1
173878272,4+,Games,38,5,1
106136576,12+,Games,38,5,2
403637248,9+,Games,37,1,1
124522496,4+,Games,40,5,1
39411712,4+,Games,43,5,2
110904320,12+,Games,38,5,5
400202752,4+,Games,40,5,1
222483456,4+,Games,38,5,11
373096448,9+,Games,37,5,1
456900608,17+,Games,37,5,1
295681024,4+,Games,38,5,1
106076160,4+,Games,38,3,7
60974080,9+,Games,40,5,13
111042560,4+,Games,35,4,1
332068864,4+,Games,38,5,21
201636864,4+,Games,38,5,10
105433088,4+,Games,38,5,1
167431168,12+,Games,38,5,1
48627712,9+,Games,37,5,1
503320576,12+,Games,38,5,4
303450112,9+,Games,37,5,8
257001472,4+,Games,37,5,10
1322848256,9+,Games,35,5,1
205487104,4+,Games,24,5,12
61841408,12+,Games,38,5,1
139665408,9+,Games,40,5,1
1488330752,9+,Games,24,5,4
249491456,4+,Games,37,4,1
49191936,9+,Games,38,3,4
207105024,9+,Games,37,5,17
243888128,4+,Games,37,5,1
177739776,4+,Games,43,5,1
191037440,9+,Games,38,5,10
74873856,9+,Games,37,5,3
200108032,9+,Games,40,5,1
61465600,4+,Games,40,5,3
212710400,9+,Games,38,5,17
41671680,12+,Games,38,5,1
293599232,12+,Games,37,5,10
192278528,9+,Games,38,5,5
69795840,9+,Games,37,4,1
34252800,4+,Games,37,5,2
977829888,9+,Games,38,4,1
95607808,4+,Games,40,5,1
48860160,4+,Games,38,3,1
69058560,9+,Games,40,4,1
191583232,4+,Games,43,5,7
1861763441,12+,Games,37,5,5
140593152,4+,Games,38,5,13
138744832,9+,Games,43,5,1
915254272,9+,Games,37,5,1
49728512,4+,Games,40,4,2
100000768,4+,Games,38,5,1
230893568,9+,Games,40,1,33
110900224,4+,Games,38,3,12
1861763441,9+,Games,24,5,5
174329856,12+,Games,37,5,1
262926336,9+,Games,40,4,1
255653888,17+,Games,37,5,15
257843200,4+,Games,38,5,1
124692480,9+,Games,38,5,14
155375616,4+,Games,38,5,1
905351168,9+,Games,24,5,5
50814976,12+,Games,43,5,1
14188544,9+,Games,40,3,1
37478400,4+,Games,38,3,1
493512704,12+,Games,38,1,1
233364480,4+,Games,40,5,1
97181696,12+,Games,40,5,1
104366080,17+,Games,40,0,1
249143296,9+,Games,38,5,1
233611264,4+,Games,40,4,1
245289984,4+,Games,40,5,1
128109568,4+,Games,40,0,11
255006720,4+,Games,24,5,1
125702144,4+,Games,24,5,10
149087232,9+,Games,40,5,1
323284992,12+,Games,40,1,1
206535680,4+,Games,40,5,6
239798272,12+,Games,37,5,1
179424256,4+,Games,40,5,1
114930688,4+,Games,38,4,1
112641024,4+,Games,38,5,16
211572736,9+,Games,38,5,10
138332160,4+,Games,38,5,11
129245184,12+,Games,40,5,13
81668096,4+,Games,38,5,17
164859904,4+,Games,37,5,1
134537216,9+,Games,38,5,8
91105280,12+,Games,38,5,12
923066368,9+,Games,24,5,4
636086272,9+,Games,37,5,8
457690112,12+,Games,38,5,17
160432128,9+,Games,38,5,7
1504883712,4+,Games,37,5,1
160301056,4+,Games,38,5,6
102730752,4+,Games,38,5,1
629813248,12+,Games,38,5,7
80509952,4+,Games,37,0,1
180713472,17+,Games,37,5,1
26484736,4+,Games,40,5,1
71029760,4+,Games,37,4,10
37148672,4+,Games,38,5,1
153385984,12+,Games,37,5,1
567910400,9+,Games,37,5,1
108982272,17+,Games,38,5,9
151161856,4+,Games,38,5,5
985018368,9+,Games,24,5,5
705732608,4+,Games,38,5,1
95984640,9+,Games,37,5,1
166575104,9+,Games,40,5,1
528184320,12+,Games,38,5,13
186636288,4+,Games,37,5,11
592898048,4+,Games,37,5,1
71539712,4+,Games,40,5,3
175010816,12+,Games,37,5,7
69857280,4+,Games,40,0,1
65808384,4+,Games,40,4,4
556161024,12+,Games,38,5,1
280523776,4+,Games,37,5,13
101144576,12+,Games,37,5,15
1233862656,9+,Games,37,5,10
82202624,9+,Games,43,5,1
709790720,9+,Games,38,5,9
89788416,4+,Games,43,5,1
35807232,4+,Games,40,5,1
32857088,4+,Games,38,1,1
129610752,4+,Games,40,5,1
111104000,4+,Games,40,5,2
466280448,9+,Games,40,5,1
920238080,9+,Games,37,5,12
1038312448,9+,Games,38,5,1
389818368,12+,Games,40,5,1
474566656,9+,Games,37,5,1
949374976,9+,Games,24,5,4
796377088,9+,Games,38,0,4
15110144,4+,Games,38,4,14
786240512,12+,Games,37,5,15
122604544,17+,Games,38,2,1
345457664,12+,Games,37,4,1
150419456,12+,Games,37,5,9
360306688,4+,Games,37,5,17
1412444160,9+,Games,24,5,3
323473408,4+,Games,38,5,11
68935680,4+,Games,37,5,15
402743296,12+,Games,38,3,1
182592512,4+,Games,38,5,9
132829184,4+,Games,43,5,1
210242560,4+,Games,38,5,11
89306112,9+,Games,38,5,1
139894784,4+,Games,40,5,11
1323163648,9+,Games,25,5,7
232353792,12+,Games,38,5,1
207080448,4+,Games,38,5,1
103661568,4+,Games,37,5,13
138529792,4+,Games,40,5,12
121535488,4+,Games,40,5,5
262576128,9+,Games,37,5,1
106321920,4+,Games,38,5,13
191398912,4+,Games,38,5,13
33418240,9+,Games,43,4,1
169842688,4+,Games,37,5,1
227164160,4+,Games,40,5,1
83069952,4+,Games,38,0,3
660983808,4+,Games,37,4,3
96497664,4+,Games,37,5,1
1861763441,9+,Games,24,5,4
1277468672,9+,Games,37,5,1
209350656,4+,Games,38,0,1
103745536,4+,Games,40,5,1
1496265728,12+,Games,25,5,8
102250496,4+,Games,38,5,13
118773760,12+,Games,38,5,10
149037056,12+,Games,40,5,2
218488832,12+,Games,38,5,1
214897664,9+,Games,37,4,1
122825728,4+,Games,38,5,1
31244288,4+,Games,40,4,16
68122624,4+,Games,37,3,1
270223360,9+,Games,37,5,18
42303488,4+,Games,38,5,10
94819328,4+,Games,40,5,1
1861763441,12+,Games,38,5,5
537575424,12+,Games,40,5,1
3903508.48,12+,Games,37,5,6
172334080,4+,Games,38,4,1
136069120,4+,Games,40,5,1
120711168,4+,Games,37,4,7
145756160,4+,Games,38,5,11
248264704,9+,Games,37,5,33
182239232,4+,Games,38,5,1
38733824,4+,Games,38,4,11
194145280,4+,Games,38,5,9
250047488,12+,Games,38,5,1
1833861120,9+,Games,24,5,5
270425088,4+,Games,38,5,1
345278464,9+,Games,38,5,1
369336320,12+,Games,37,5,7
99272704,4+,Games,40,5,1
199417856,9+,Games,37,5,1
437230592,4+,Games,37,5,16
96845824,4+,Games,40,5,1
1425611776,12+,Games,37,5,12
254233600,12+,Games,37,5,1
105894912,17+,Games,38,0,1
1356186624,9+,Games,37,5,4
98185216,4+,Games,37,5,1
70547456,4+,Games,37,1,2
257494016,12+,Games,37,5,1
560714752,9+,Games,40,5,9
1149562880,9+,Games,24,5,4
60072960,4+,Games,40,5,1
53769216,17+,Games,38,0,1
179616768,4+,Games,37,5,1
193079296,4+,Games,38,5,10
774814720,9+,Games,37,5,3
1069375488,9+,Games,24,5,3
608198656,9+,Games,24,5,3
291862528,9+,Games,40,5,1
72565760,4+,Games,38,5,1
55447552,9+,Games,38,5,1
196746240,9+,Games,40,5,1
100562944,4+,Games,38,5,7
30718976,4+,Games,38,5,11
206807040,4+,Games,38,5,1
128228352,9+,Games,40,5,1
189799424,12+,Games,37,5,1
177516544,9+,Games,38,5,1
55445504,4+,Games,40,5,1
528630784,12+,Games,38,5,13
99257344,4+,Games,40,5,1
3903508.48,4+,Games,37,0,1
187282432,4+,Games,37,5,10
256558080,9+,Games,40,5,1
103027712,4+,Games,40,4,3
87465984,4+,Games,38,0,5
952222720,12+,Games,37,5,12
174221312,9+,Games,38,4,1
170550272,4+,Games,38,5,23
196369408,4+,Games,40,5,6
53637120,4+,Games,24,5,1
197970944,4+,Games,38,5,3
137255936,9+,Games,38,5,9
57072640,9+,Games,43,5,1
260089856,4+,Games,38,5,11
226242560,4+,Games,40,5,11
353280000,4+,Games,38,2,1
1223241728,9+,Games,38,0,4
1219964928,9+,Games,24,5,4
252826624,4+,Games,38,5,12
157835264,4+,Games,40,5,12
391602176,12+,Games,38,5,7
751667200,9+,Games,38,5,5
106972160,9+,Games,40,5,2
276776960,9+,Games,40,5,12
569653248,4+,Games,38,5,3
492288000,9+,Games,38,5,2
264025088,4+,Games,38,5,1
253070336,9+,Games,37,5,7
177830912,9+,Games,40,2,1
56366080,12+,Games,40,5,1
176801792,4+,Games,37,5,11
123295744,4+,Games,37,5,1
248636416,12+,Games,38,5,1
121593856,4+,Games,37,5,2
630801408,4+,Games,37,5,1
404678656,4+,Games,40,5,1
168200192,12+,Games,40,5,10
837582848,9+,Games,38,5,4
178905088,12+,Games,38,5,1
263524352,9+,Games,38,5,12
119991296,12+,Games,37,5,7
892332032,12+,Games,38,5,7
222176256,9+,Games,38,5,1
1766508544,4+,Games,38,5,11
223283200,9+,Games,38,5,2
249482240,4+,Games,38,5,1
931504128,9+,Games,37,5,10
322198528,4+,Games,38,5,1
63243264,4+,Games,38,4,1
140345344,4+,Games,40,5,1
164545536,4+,Games,37,5,8
125733888,9+,Games,40,5,1
83648512,4+,Games,40,5,12
92015616,12+,Games,40,4,2
103174144,4+,Games,40,5,1
1003165696,4+,Games,40,5,1
105948160,4+,Games,38,5,11
1082765312,9+,Games,38,5,5
103657472,4+,Games,40,5,11
114408448,9+,Games,38,5,15
97004544,4+,Games,43,5,1
1230262272,9+,Games,24,5,4
1146363904,9+,Games,38,5,5
109751296,4+,Games,38,5,12
77757440,4+,Games,38,5,4
1082294272,9+,Games,38,5,5
202029056,4+,Games,40,5,1
255488000,4+,Games,38,5,11
74267648,9+,Games,37,5,6
27399168,4+,Games,40,5,13
1398803456,12+,Games,40,5,6
123640832,4+,Games,37,5,1
88514560,9+,Games,43,5,1
228460544,4+,Games,37,5,2
150384640,9+,Games,37,5,1
867749888,9+,Games,38,5,5
139769856,4+,Games,38,5,10
199231488,4+,Games,37,5,2
168910848,4+,Games,37,5,2
95139840,4+,Games,38,5,1
283567104,12+,Games,37,5,11
132009984,4+,Games,40,5,1
1253449728,9+,Games,38,5,5
1697630208,12+,Games,38,5,1
1335678976,12+,Games,37,5,34
303671296,4+,Games,37,5,1
139433984,9+,Games,37,0,1
130563072,9+,Games,43,0,3
139398144,4+,Games,38,4,15
73382912,4+,Games,38,5,1
79211520,4+,Games,37,5,7
82813952,4+,Games,40,5,1
190286848,4+,Games,40,5,1
184253440,4+,Games,38,4,1
175750144,4+,Games,38,4,1
179764224,4+,Games,38,4,1
44249088,12+,Games,43,5,16
98378752,4+,Games,37,5,9
32162816,4+,Games,38,5,7
805212160,9+,Games,38,5,5
132756480,17+,Games,37,5,1
132108288,4+,Games,38,5,13
103051264,9+,Games,37,5,1
202866688,4+,Games,37,5,1
1084403712,9+,Games,38,5,5
1133731840,9+,Games,38,5,4
157679616,4+,Games,37,4,13
299586560,4+,Games,38,5,17
189870080,12+,Games,37,5,10
163080192,12+,Games,38,5,9
289495040,9+,Games,37,4,1
19117056,4+,Games,38,5,1
246093824,4+,Games,37,5,1
95742976,4+,Games,40,5,1
124008448,4+,Games,38,5,13
63633408,4+,Games,37,5,25
193884160,4+,Games,40,5,1
117613568,9+,Games,38,5,1
210092032,4+,Games,37,5,11
143679488,4+,Games,37,5,1
137289728,4+,Games,40,5,1
194171904,12+,Games,25,5,5
30622720,4+,Games,38,3,1
65759232,12+,Games,38,5,1
657721344,4+,Games,37,5,6
825167872,9+,Games,24,5,4
95002624,9+,Games,37,5,1
45322240,12+,Games,43,5,1
354028544,12+,Games,40,5,1
71163904,4+,Games,38,5,1
158535680,4+,Games,40,5,1
123286528,12+,Games,37,5,1
72667136,9+,Games,38,5,1
53789696,4+,Games,40,5,1
56807424,9+,Games,40,3,5
106132480,12+,Games,37,5,11
127212544,12+,Games,38,5,1
51895296,4+,Games,38,0,2
138056704,9+,Games,38,5,11
1861763441,4+,Games,38,5,1
89501696,4+,Games,40,5,1
49972224,4+,Games,38,5,1
56591360,4+,Games,38,5,4
212542464,4+,Games,40,5,1
115398656,4+,Games,38,5,1
113567744,4+,Games,38,5,11
98892800,4+,Games,38,5,11
18297856,4+,Games,37,0,1
525279232,9+,Games,38,5,1
170858496,9+,Games,37,5,34
77448192,4+,Games,40,1,1
179871744,4+,Games,40,5,11
209787904,4+,Games,38,5,11
131962880,4+,Games,38,5,11
149391360,4+,Games,38,5,18
296101888,9+,Games,40,5,1
110608384,4+,Games,38,5,1
87025664,12+,Games,38,5,11
58877952,9+,Games,37,4,5
242724864,9+,Games,37,5,5
450622464,4+,Games,40,5,1
101735424,4+,Games,38,5,12
136354816,4+,Games,40,5,1
92143616,9+,Games,43,5,1
204178432,4+,Games,37,4,1
38444032,9+,Games,40,5,2
68613120,4+,Games,38,5,1
196969472,9+,Games,38,5,18
30467072,17+,Games,37,0,1
151135232,12+,Games,38,5,1
552719360,12+,Games,37,5,1
143679488,4+,Games,40,5,6
95278080,9+,Games,38,5,1
56753152,9+,Games,40,4,31
54722560,4+,Games,37,5,1
261120000,4+,Games,40,5,1
1861763441,9+,Games,24,5,4
80974848,4+,Games,38,5,13
94483456,4+,Games,40,5,1
66295808,12+,Games,40,0,1
134987776,4+,Games,38,5,1
157521920,4+,Games,37,5,1
32050176,4+,Games,40,0,1
266622976,4+,Games,37,5,1
99435520,4+,Games,38,5,1
299873280,4+,Games,38,5,1
73411584,9+,Games,38,5,33
214940672,4+,Games,38,5,1
312097792,4+,Games,38,5,1
760836096,9+,Games,25,5,16
88428544,12+,Games,38,5,1
234680320,9+,Games,40,5,2
104014848,4+,Games,37,5,1
245437440,4+,Games,24,5,12
340971520,4+,Games,40,5,1
912869376,9+,Games,38,5,5
405905408,17+,Games,38,0,1
212980736,4+,Games,38,5,1
111119360,4+,Games,38,5,22
72770560,4+,Games,38,5,1
104026112,4+,Games,40,5,2
41295872,4+,Games,38,5,1
1007366144,9+,Games,38,5,4
82688000,12+,Games,38,5,2
63286272,9+,Games,40,5,1
43569152,4+,Games,40,5,2
57732096,9+,Games,38,5,3
125937664,4+,Games,38,5,1
62405632,17+,Games,38,0,1
68179968,4+,Games,40,2,15
198001664,4+,Games,37,5,11
272736256,4+,Games,38,5,1
1297310720,9+,Games,40,5,1
491183104,4+,Games,24,5,12
92433408,4+,Games,40,5,1
152269824,4+,Games,38,5,1
38602752,4+,Games,37,4,1
106005504,4+,Games,40,5,1
102445056,9+,Games,37,5,2
153513984,12+,Games,35,5,12
73180160,9+,Games,25,5,1
66764800,4+,Games,40,4,2
130173952,4+,Games,38,5,22
121606144,4+,Games,40,5,1
88091648,17+,Games,38,0,2
110205952,12+,Games,37,5,1
178644992,12+,Games,38,5,1
166528000,4+,Games,40,4,1
133657600,4+,Games,38,5,34
46557184,9+,Games,37,2,1
209029120,4+,Games,37,5,5
185152512,9+,Games,37,5,11
449143808,4+,Games,38,5,1
6915072,4+,Games,37,3,2
110957568,17+,Games,37,5,1
93115392,4+,Games,38,5,1
525569024,12+,Games,38,5,1
140006400,9+,Games,37,5,1
106467328,4+,Games,43,5,1
221522944,4+,Games,37,5,1
84971520,9+,Games,40,5,1
33005568,4+,Games,25,5,10
774950912,9+,Games,24,5,3
1029378048,9+,Games,37,5,4
1188780032,9+,Games,38,5,4
49651712,12+,Games,40,1,1
119801856,4+,Games,37,5,33
97662976,4+,Games,38,5,7
103757824,4+,Games,38,5,1
101370880,4+,Games,37,5,1
100264960,9+,Games,37,5,2
97558528,4+,Games,43,5,1
99209216,4+,Games,38,5,1
804577280,12+,Games,40,5,1
446949376,12+,Games,37,4,2
15863808,4+,Games,43,2,1
144084992,4+,Games,37,5,7
451740672,4+,Games,38,5,1
213266432,4+,Games,38,5,16
129368064,9+,Games,40,5,1
176114688,12+,Games,37,5,8
268592128,17+,Games,40,0,1
91393024,12+,Games,40,5,1
191639552,4+,Games,38,5,1
36849664,9+,Games,40,2,1
165801984,4+,Games,40,5,13
88228864,12+,Games,37,5,1
114199552,4+,Games,38,4,10
110781440,4+,Games,40,5,1
108666880,12+,Games,38,5,1
284124160,9+,Games,37,4,1
147336192,4+,Games,38,5,16
100721664,4+,Games,40,5,2
63964160,12+,Games,38,5,1
150966272,4+,Games,37,5,3
351562752,9+,Games,38,5,18
248603648,4+,Games,37,5,1
68615168,4+,Games,35,5,11
87786496,4+,Games,40,5,2
348491776,12+,Games,40,5,8
1861763441,12+,Games,40,5,1
284321792,4+,Games,38,5,1
71281664,9+,Games,40,5,3
328126464,12+,Games,38,5,5
590484480,12+,Games,25,5,10
184811520,9+,Games,38,5,1
150571008,12+,Games,38,5,7
107478016,4+,Games,37,5,11
132649984,12+,Games,38,5,8
161188864,4+,Games,37,5,6
58309632,12+,Games,38,5,1
128888832,4+,Games,40,5,9
160321536,4+,Games,38,5,16
109119488,9+,Games,37,5,16
60965888,4+,Games,40,4,1
208391168,9+,Games,38,5,1
198155264,9+,Games,37,5,22
267543552,4+,Games,37,5,1
320579584,4+,Games,38,5,1
521508864,12+,Games,38,5,1
1016400896,9+,Games,37,5,1
106405888,12+,Games,43,5,1
69463040,4+,Games,40,5,2
230596608,4+,Games,37,5,1
1192589312,9+,Games,38,5,5
101526528,9+,Games,38,1,1
896477184,9+,Games,38,5,4
188443648,4+,Games,37,4,1
72083456,4+,Games,40,5,2
63365120,9+,Games,43,0,1
59183104,4+,Games,38,5,1
972818432,9+,Games,38,5,4
117741568,12+,Games,37,5,1
289332224,9+,Games,38,5,1
821411840,9+,Games,38,5,1
102383616,9+,Games,38,5,1
224098304,4+,Games,25,0,1
95727616,4+,Games,38,5,1
229864448,4+,Games,38,5,1
109820928,4+,Games,40,5,1
113985536,4+,Games,37,5,1
114213888,4+,Games,37,5,14
33746944,4+,Games,38,5,1
88105984,4+,Games,37,5,1
293660672,4+,Games,37,5,1
396023808,4+,Games,38,5,1
132141056,4+,Games,40,5,1
29589504,4+,Games,40,5,1
172889088,4+,Games,38,5,23
192272384,4+,Games,40,3,1
37438464,4+,Games,37,5,30
934126592,9+,Games,38,5,5
74776576,4+,Games,38,5,1
110692352,4+,Games,37,5,2
83778560,4+,Games,40,5,2
150532096,4+,Games,38,5,1
366301184,4+,Games,38,5,1
154455040,4+,Games,38,5,1
116008960,9+,Games,37,5,8
134692864,4+,Games,43,5,1
102461440,9+,Games,43,5,1
150823936,9+,Games,38,5,1
1180584960,9+,Games,37,5,5
28363776,4+,Games,37,0,1
512762880,12+,Games,38,5,1
1861763441,9+,Games,24,5,4
162561024,4+,Games,38,5,1
45170688,4+,Games,43,5,16
111960064,4+,Games,37,5,20
185580544,4+,Games,38,5,4
70197248,12+,Games,43,5,1
102511616,4+,Games,40,5,11
50578432,4+,Games,37,5,1
230511616,4+,Games,38,5,1
175391744,4+,Games,38,5,23
386605056,12+,Games,38,5,9
78748672,4+,Games,38,5,1
173197312,4+,Games,38,5,30
108917760,12+,Games,40,5,1
237266944,12+,Games,37,5,1
313783296,4+,Games,38,5,1
68079616,4+,Games,37,5,1
67985408,4+,Games,37,5,10
95689728,4+,Games,38,5,11
775102464,9+,Games,40,5,1
506650624,12+,Games,37,5,7
9348096,4+,Games,40,5,1
515490816,12+,Games,37,5,1
167136256,9+,Games,38,5,12
1151292416,9+,Games,37,5,5
34074624,4+,Games,38,2,1
1286004736,9+,Games,37,5,5
783089664,9+,Games,37,5,5
138480640,12+,Games,37,4,2
59842560,4+,Games,40,5,1
162522112,4+,Games,37,5,12
1043179520,9+,Games,24,5,4
46349312,9+,Games,43,5,1
163494912,12+,Games,40,5,1
88905728,4+,Games,38,5,3
294095872,4+,Games,38,5,11
151495680,4+,Games,38,5,21
282439680,12+,Games,38,5,1
1543919616,9+,Games,24,5,5
115195904,4+,Games,40,5,1
172044288,4+,Games,38,5,23
402762752,4+,Games,37,5,7
125418496,4+,Games,38,5,12
358231040,17+,Games,38,5,1
194174976,4+,Games,38,5,1
111543296,9+,Games,40,5,1
190241792,4+,Games,37,5,1
101236736,4+,Games,38,5,1
122281984,4+,Games,40,5,1
123773952,9+,Games,38,5,12
221317120,4+,Games,38,5,1
118456320,12+,Games,37,5,10
1121930240,9+,Games,37,5,4
89832448,4+,Games,40,4,1
66203648,4+,Games,37,5,1
375656448,4+,Games,37,5,1
36832256,4+,Games,38,0,2
195170304,4+,Games,40,5,1
53506048,4+,Games,38,5,10
192502784,4+,Games,38,5,1
1317195776,9+,Games,37,5,5
54568960,4+,Games,37,5,4
272344064,9+,Games,37,5,1
259914752,17+,Games,37,5,1
391116800,4+,Games,37,5,1
125476864,4+,Games,40,5,1
196566016,4+,Games,37,5,1
113096704,4+,Games,25,5,9
224086016,4+,Games,38,5,1
356268032,12+,Games,38,5,1
112320512,4+,Games,37,3,8
88837120,4+,Games,37,5,1
90331136,4+,Games,40,5,1
835548160,17+,Games,37,5,1
29959168,4+,Games,43,4,1
213704704,4+,Games,40,5,1
132981760,4+,Games,37,5,7
203485184,4+,Games,38,5,1
65435648,4+,Games,37,4,1
93931520,4+,Games,38,5,1
191580160,9+,Games,40,5,33
79053824,4+,Games,38,4,1
218329088,4+,Games,40,5,1
32340992,4+,Games,37,1,9
1180269568,12+,Games,37,5,11
248681472,9+,Games,37,5,1
377589760,12+,Games,37,5,1
955086848,12+,Games,38,5,17
47260672,4+,Games,40,0,2
138152960,4+,Games,40,5,2
46030848,4+,Games,40,5,1
77443072,4+,Games,38,5,5
68177920,4+,Games,38,5,2
113942528,12+,Games,37,5,1
96123904,12+,Games,40,4,1
713567232,12+,Games,40,5,1
611215360,4+,Games,37,5,21
22950912,4+,Games,40,5,1
204402688,4+,Games,37,5,15
312574976,12+,Games,40,5,1
342103040,4+,Games,38,4,1
43257856,4+,Games,38,5,1
7298048,4+,Games,38,3,1
80547840,4+,Games,38,3,1
345457664,12+,Games,37,4,1
1125521408,9+,Games,40,5,1
67451904,4+,Games,40,5,1
275680256,9+,Games,37,5,1
24740864,4+,Games,40,5,1
649999360,9+,Games,37,5,5
82377728,4+,Games,38,5,1
350794752,4+,Games,37,4,1
228554752,9+,Games,38,5,11
93810688,9+,Games,38,4,1
164455424,4+,Games,37,5,1
1469082624,9+,Games,24,5,5
35869696,4+,Games,37,5,10
76509184,4+,Games,37,5,1
342428672,4+,Games,37,5,16
130111488,9+,Games,37,5,10
331473920,4+,Games,37,5,1
26119168,12+,Games,37,5,1
407088128,12+,Games,40,5,1
15467520,4+,Games,40,3,1
57469952,4+,Games,38,5,5
16807936,4+,Games,38,5,2
93434880,4+,Games,37,5,1
112493568,4+,Games,38,5,2
195533824,4+,Games,38,5,11
1021167616,9+,Games,38,5,4
912822272,9+,Games,37,5,5
42011648,4+,Games,40,5,2
365371392,9+,Games,40,5,8
278796288,9+,Games,38,5,4
109913088,4+,Games,40,5,1
69826560,12+,Games,38,5,31
111525888,12+,Games,40,3,1
15611904,12+,Games,40,5,5
80876544,4+,Games,40,3,1
89885696,4+,Games,37,5,1
228620288,9+,Games,37,5,1
174926848,9+,Games,37,5,11
56381440,4+,Games,40,0,2
338222080,4+,Games,38,4,1
202542080,4+,Games,38,5,13
89965568,4+,Games,40,4,9
142701568,4+,Games,37,5,1
58137600,9+,Games,37,5,1
720882688,12+,Games,37,5,6
107640832,9+,Games,37,5,1
26888192,4+,Games,37,5,3
34243584,17+,Games,38,5,1
60761088,4+,Games,37,5,4
75922432,4+,Games,38,5,1
340319232,4+,Games,37,5,1
337468416,4+,Games,38,5,1
54922240,4+,Games,38,5,1
100937728,4+,Games,43,5,1
420435968,9+,Games,38,5,1
847803392,9+,Games,37,5,5
192527360,4+,Games,40,5,6
639434752,9+,Games,37,5,4
72433664,4+,Games,37,3,2
77325312,12+,Games,37,0,2
52901888,9+,Games,40,3,12
1861763441,12+,Games,25,5,1
118087680,4+,Games,38,5,4
264453120,4+,Games,37,5,13
138045440,12+,Games,38,5,1
194273280,4+,Games,40,5,1
119285760,4+,Games,38,5,11
39504896,12+,Games,38,5,1
128863232,9+,Games,40,5,1
66974720,4+,Games,37,5,1
83761152,9+,Games,38,5,1
163893248,12+,Games,38,5,11
87511040,4+,Games,37,3,1
69772288,4+,Games,40,4,1
175507456,4+,Games,40,4,1
120737792,4+,Games,38,5,7
50235392,12+,Games,40,5,3
66006016,4+,Games,37,5,5
203193344,12+,Games,37,5,1
266766336,9+,Games,37,5,17
54270976,12+,Games,37,5,1
242657280,9+,Games,37,5,1
166046720,4+,Games,38,5,1
186491904,4+,Games,37,5,23
108348416,4+,Games,40,4,1
253245440,4+,Games,38,5,11
224924672,4+,Games,38,5,1
239486976,4+,Games,38,5,2
246378496,4+,Games,38,5,11
83220480,4+,Games,38,5,11
121673728,4+,Games,38,5,11
106568704,4+,Games,38,5,11
127670272,4+,Games,38,5,11
113391616,4+,Games,38,5,2
166893568,9+,Games,37,5,13
227135488,4+,Games,38,5,1
54069248,9+,Games,37,5,1
71406592,9+,Games,37,5,8
21773312,4+,Games,38,3,1
82527232,12+,Games,38,5,1
108449792,12+,Games,43,5,1
232676352,4+,Games,37,5,1
87408640,4+,Games,37,5,17
218039296,4+,Games,38,5,1
41485312,4+,Games,37,5,9
127228928,4+,Games,40,0,1
283409408,4+,Games,38,5,1
55823360,12+,Games,37,5,4
135127040,4+,Games,38,5,11
112582656,4+,Games,38,5,1
132425728,4+,Games,38,5,1
237578240,4+,Games,37,5,14
83969024,12+,Games,38,5,10
1249507328,4+,Games,43,5,1
1861763441,4+,Games,24,5,1
24117248,9+,Games,38,0,1
183614464,9+,Games,37,5,1
65866752,4+,Games,38,4,31
111177728,9+,Games,38,5,1
165360640,4+,Games,40,5,1
73056256,4+,Games,38,5,8
69201920,9+,Games,37,5,6
322576384,4+,Games,40,5,1
151451648,12+,Games,37,5,1
127321088,12+,Games,37,4,5
94791680,4+,Games,38,5,1
141017088,4+,Games,38,5,12
148815872,4+,Games,37,5,1
163115008,12+,Games,40,5,10
99192832,4+,Games,38,5,6
111248384,4+,Games,38,5,11
97122304,4+,Games,38,5,2
54171648,4+,Games,37,4,1
77178880,9+,Games,40,5,1
167815168,9+,Games,38,5,16
209037312,4+,Games,37,5,18
146553856,9+,Games,37,5,9
95408128,4+,Games,38,5,2
245484544,4+,Games,37,5,1
253734912,9+,Games,37,5,1
70970368,9+,Games,40,4,1
312641536,4+,Games,37,5,11
122580992,4+,Games,38,5,6
89600000,4+,Games,37,4,16
184512512,4+,Games,38,5,6
270031872,12+,Games,37,5,1
72358912,4+,Games,40,5,2
60484608,17+,Games,37,0,1
80888832,4+,Games,38,5,1
41987072,12+,Games,38,5,1
141621248,4+,Games,40,5,1
967158784,9+,Games,37,5,4
60092416,4+,Games,37,3,1
207391744,12+,Games,38,4,1
204987392,4+,Games,40,5,27
238582784,12+,Games,38,5,9
446764032,9+,Games,37,5,12
341624832,4+,Games,38,5,1
89542656,4+,Games,38,3,1
180679680,4+,Games,37,5,1
20145152,4+,Games,37,5,18
67928064,4+,Games,40,2,14
341455872,4+,Games,40,5,1
862396416,9+,Games,37,5,5
65891328,17+,Games,37,5,1
225862656,17+,Games,38,5,1
1008609280,9+,Games,37,5,5
111938560,4+,Games,38,4,1
1354634240,9+,Games,38,5,5
81690624,9+,Games,38,3,16
235554816,4+,Games,40,4,11
35186688,4+,Games,40,2,16
1478030336,9+,Games,38,5,11
82316288,9+,Games,38,5,1
250655744,4+,Games,38,5,1
110124032,4+,Games,40,5,1
100349952,4+,Games,40,5,1
166257664,12+,Games,38,5,6
247194624,4+,Games,37,5,7
593355776,4+,Games,37,4,1
336847872,4+,Games,38,5,11
52345856,4+,Games,38,5,9
27561984,4+,Games,43,5,1
214481920,4+,Games,37,5,1
131070976,12+,Games,38,5,1
189497344,4+,Games,37,5,1
123341824,12+,Games,38,4,31
283934720,4+,Games,37,5,1
151469056,9+,Games,38,5,1
301272064,12+,Games,37,5,15
187812864,4+,Games,37,5,1
454384640,12+,Games,37,5,10
76058624,4+,Games,38,2,1
145988608,12+,Games,38,5,1
214042624,4+,Games,38,5,1
42371072,4+,Games,37,0,1
49243136,4+,Games,40,5,2
97887232,4+,Games,37,2,1
58632192,12+,Games,37,5,1
148122624,17+,Games,37,0,9
315353088,9+,Games,37,4,1
63738880,4+,Games,37,3,1
83180544,4+,Games,37,5,1
195908608,4+,Games,38,5,10
615645184,9+,Games,38,5,1
202745856,4+,Games,38,5,1
246411264,9+,Games,37,5,1
180105216,4+,Games,40,5,1
1287553024,9+,Games,37,5,1
1861763441,9+,Games,24,5,4
78155776,4+,Games,38,5,1
126512128,12+,Games,40,5,1
119754752,4+,Games,40,5,1
135485440,4+,Games,40,5,1
68666368,12+,Games,40,4,11
466015232,9+,Games,40,5,1
1861763441,12+,Games,24,5,6
138093568,9+,Games,37,5,2
90488832,9+,Games,37,5,2
83826688,17+,Games,38,0,2
438729728,12+,Games,40,5,1
1861763441,9+,Games,37,5,7
49349632,4+,Games,40,5,1
128232448,4+,Games,38,5,14
57921536,12+,Games,38,5,1
182045696,4+,Games,38,4,1
890523648,9+,Games,37,5,4
31446016,4+,Games,38,5,1
118693888,4+,Games,40,5,12
1861763441,17+,Games,37,4,10
1536766976,9+,Games,37,4,5
34397184,12+,Games,38,5,1
602065920,9+,Games,37,5,5
146959360,12+,Games,37,5,10
157614080,9+,Games,38,5,1
222895104,9+,Games,37,5,1
33304576,4+,Games,38,5,1
70149120,4+,Games,40,5,1
53690368,4+,Games,38,5,13
91620352,4+,Games,40,5,11
76777472,12+,Games,37,4,1
699091968,9+,Games,37,5,1
20856832,4+,Games,43,5,12
997129216,9+,Games,37,5,5
54802432,4+,Games,38,5,1
173696000,12+,Games,37,5,1
18822144,12+,Games,37,1,1
87851008,17+,Games,40,4,1
72118272,4+,Games,38,5,1
191382528,4+,Games,37,5,1
251595776,4+,Games,38,5,12
21171200,4+,Games,38,5,10
64278528,4+,Games,37,5,1
176272384,4+,Games,40,5,8
110398464,4+,Games,38,5,11
153306112,9+,Games,38,5,1
333368320,4+,Games,38,5,8
271124480,4+,Games,37,5,22
62189568,4+,Games,24,5,1
424826880,4+,Games,38,5,5
89756672,4+,Games,40,3,1
128684032,12+,Games,37,5,11
29696000,9+,Games,37,5,1
1861763441,12+,Games,37,5,5
63109120,9+,Games,38,5,1
55975936,9+,Games,37,5,10
306912256,4+,Games,38,5,1
32992256,9+,Games,40,5,1
118496256,12+,Games,38,3,11
334576640,4+,Games,37,5,12
301804544,9+,Games,38,5,1
28306432,4+,Games,37,4,15
98282496,4+,Games,37,5,1
162750464,12+,Games,37,5,1
169353216,12+,Games,40,5,10
405535744,12+,Games,37,0,1
281761792,4+,Games,37,5,1
53370880,4+,Games,40,1,1
272637952,9+,Games,37,5,1
1452132352,9+,Games,24,5,4
1805248512,9+,Games,24,5,4
1143723008,9+,Games,37,5,4
170819584,12+,Games,40,5,10
141317120,9+,Games,37,5,1
34868224,4+,Games,40,2,1
73590784,4+,Games,38,2,1
105900032,4+,Games,37,4,4
267441152,4+,Games,38,5,11
265478144,4+,Games,38,5,1
153664512,4+,Games,38,5,10
32032768,4+,Games,40,2,31
314591232,9+,Games,40,5,1
1104092160,12+,Games,37,5,1
148648960,4+,Games,37,5,9
291038208,9+,Games,40,5,1
107376640,4+,Games,38,5,16
305483776,4+,Games,37,5,1
70959104,4+,Games,38,5,1
159752192,4+,Games,38,5,1
154710016,12+,Games,37,5,1
190519296,12+,Games,37,5,1
277154816,4+,Games,38,5,1
160331776,4+,Games,37,5,1
166720512,4+,Games,40,4,1
164000768,12+,Games,37,5,1
208455680,9+,Games,37,5,18
65575936,12+,Games,40,4,16
67836928,4+,Games,40,2,1
150807552,4+,Games,38,5,1
86596608,4+,Games,40,5,1
211661824,9+,Games,40,5,1
294744064,12+,Games,38,5,1
82972672,4+,Games,43,5,1
55657472,4+,Games,43,5,8
125467648,4+,Games,40,5,1
164000768,12+,Games,37,5,1
112653312,4+,Games,37,5,7
304375808,4+,Games,38,5,1
99691520,4+,Games,38,5,1
76619776,12+,Games,38,5,1
108594176,12+,Games,37,5,2
1537772544,9+,Games,40,5,1
189709312,9+,Games,38,5,1
117726208,4+,Games,38,5,8
62823424,9+,Games,37,4,1
85164032,4+,Games,40,5,1
511670272,4+,Games,37,5,1
1153353728,9+,Games,37,5,5
87667712,4+,Games,38,5,1
192231424,4+,Games,38,5,3
150992896,4+,Games,37,5,1
274795520,9+,Games,25,3,1
116981760,4+,Games,38,5,2
228882432,9+,Games,38,5,3
81576960,12+,Games,40,5,1
68205568,4+,Games,38,5,1
252352512,12+,Games,38,5,5
49652736,12+,Games,40,5,1
111013888,4+,Games,43,5,1
1329823744,9+,Games,37,5,16
268843008,4+,Games,38,5,1
578062336,4+,Games,38,5,3
133175296,4+,Games,38,5,15
119512064,4+,Games,40,0,1
468603904,9+,Games,25,5,1
984101888,9+,Games,37,5,5
238359552,4+,Games,38,5,1
129589248,4+,Games,37,5,12
35957760,9+,Games,37,5,11
212279296,4+,Games,40,5,1
59053056,4+,Games,38,5,1
332139520,4+,Games,37,5,17
134029312,4+,Games,38,5,11
66196480,9+,Games,40,3,11
363020288,12+,Games,38,5,1
70156288,4+,Games,40,3,1
39796736,4+,Games,38,5,1
39054336,9+,Games,37,0,1
24354816,4+,Games,37,3,2
63180800,4+,Games,38,5,1
102046720,4+,Games,38,5,1
93643776,12+,Games,37,5,1
197048320,4+,Games,38,5,30
1861763441,4+,Games,38,5,1
146797568,12+,Games,40,5,1
331335680,4+,Games,38,5,11
125918208,4+,Games,40,5,1
157871104,12+,Games,37,4,1
75174912,4+,Games,38,5,1
94867456,4+,Games,38,5,16
61278208,4+,Games,40,5,1
98643968,4+,Games,43,5,2
1145312256,9+,Games,37,5,5
771726336,9+,Games,37,5,5
248950784,9+,Games,37,4,1
29727744,4+,Games,37,5,1
95670272,4+,Games,38,5,11
110787584,12+,Games,37,5,1
587630592,12+,Games,37,5,1
68639744,12+,Games,40,5,2
107933696,4+,Games,43,5,1
196617216,4+,Games,37,5,1
25571328,4+,Games,38,4,2
190457856,12+,Games,40,5,1
180950016,4+,Games,40,5,2
360722432,4+,Games,40,5,1
357691392,4+,Games,38,5,1
181551104,12+,Games,40,5,1
33091584,4+,Games,40,0,2
156507136,12+,Games,40,2,1
131196928,9+,Games,37,5,5
480581632,9+,Games,38,5,1
149266432,12+,Games,37,5,1
85477376,4+,Games,40,5,1
57303040,12+,Games,40,5,10
162514944,12+,Games,38,5,1
99002368,4+,Games,37,0,2
22029312,4+,Games,37,5,1
281550848,4+,Games,37,5,1
181364736,12+,Games,40,5,10
31710208,4+,Games,40,5,12
464706560,12+,Games,38,5,1
41966592,4+,Games,37,0,7
62238720,4+,Games,38,5,1
30906368,9+,Games,40,2,16
96538624,4+,Games,43,5,2
58624000,4+,Games,40,5,1
64439296,12+,Games,38,3,1
1115999232,12+,Games,25,5,1
170190848,9+,Games,40,4,1
88672256,4+,Games,40,5,1
81243136,9+,Games,40,4,1
222874624,9+,Games,38,5,1
106914816,4+,Games,38,5,1
121419776,4+,Games,38,5,2
72438784,12+,Games,38,5,16
1364120576,9+,Games,24,5,4
140864512,9+,Games,38,0,2
358992896,4+,Games,38,5,1
83832832,4+,Games,37,5,1
65469440,12+,Games,37,5,1
76716032,12+,Games,37,5,1
65595392,4+,Games,37,0,1
165691392,12+,Games,40,4,1
176500736,4+,Games,40,5,1
68929536,4+,Games,38,1,1
105438208,4+,Games,37,0,1
165874688,4+,Games,40,5,2
1861763441,4+,Games,25,5,1
199166976,4+,Games,40,5,1
48784384,4+,Games,40,5,1
55676928,4+,Games,43,3,1
103378944,4+,Games,38,5,1
114325504,4+,Games,37,5,2
58260480,9+,Games,40,4,1
266678272,4+,Games,38,5,11
266102784,4+,Games,38,5,11
100835328,4+,Games,38,5,1
168288256,12+,Games,40,5,10
52106240,4+,Games,37,4,13
73325568,12+,Games,38,5,1
154840064,12+,Games,40,5,14
87257088,4+,Games,37,5,7
121892864,4+,Games,37,5,1
147982336,4+,Games,38,5,1
275863552,12+,Games,37,5,34
1258856448,9+,Games,24,5,3
124729344,9+,Games,43,5,8
581873664,4+,Games,38,5,1
33594368,4+,Games,37,5,1
111087616,4+,Games,38,5,1
324570112,4+,Games,37,5,6
79694848,4+,Games,38,5,1
140116992,4+,Games,40,5,16
295349248,4+,Games,37,4,2
909051904,9+,Games,24,5,4
411290624,4+,Games,37,4,7
114503680,12+,Games,37,5,1
104267776,4+,Games,25,5,13
468171776,9+,Games,38,5,1
71521280,9+,Games,40,1,1
218459136,9+,Games,38,5,15
252726272,4+,Games,37,5,1
100804608,4+,Games,37,4,1
179205120,9+,Games,38,5,1
564712448,12+,Games,38,5,1
61067264,12+,Games,37,5,1
38429696,4+,Games,37,5,1
107992064,9+,Games,38,5,2
80132096,4+,Games,38,0,3
258095104,12+,Games,40,5,1
345926656,4+,Games,40,5,1
12455936,4+,Games,40,5,1
202242048,12+,Games,37,5,1
636487680,12+,Games,37,5,1
112036864,4+,Games,38,5,2
138456064,9+,Games,40,5,1
89332736,4+,Games,40,0,1
111053824,4+,Games,38,5,1
566353920,4+,Games,40,5,1
97858560,4+,Games,38,5,1
112238592,4+,Games,38,5,1
191881216,4+,Games,35,5,1
47372288,4+,Games,38,5,1
25849856,4+,Games,38,4,2
794261504,9+,Games,37,5,1
59320320,4+,Games,40,5,2
424078336,12+,Games,38,5,1
53539840,4+,Games,37,5,8
310630400,9+,Games,37,3,1
86316032,4+,Games,40,5,1
294790144,4+,Games,38,5,1
99665920,4+,Games,38,5,6
151880704,4+,Games,38,5,1
97139712,4+,Games,37,2,15
36419584,9+,Games,40,3,12
44193792,4+,Games,37,5,15
185210880,4+,Games,38,5,1
64337920,4+,Games,38,5,16
762607616,9+,Games,37,5,5
124961792,4+,Games,37,5,1
64692224,4+,Games,38,5,1
1178562560,9+,Games,37,5,5
131863552,4+,Games,37,5,11
32374784,4+,Games,37,5,1
96992256,4+,Games,37,3,1
22544384,4+,Games,38,5,1
228511744,9+,Games,38,5,3
15518720,4+,Games,40,4,1
101866496,4+,Games,38,5,1
134669312,4+,Games,38,5,1
263579648,4+,Games,37,5,1
245804032,4+,Games,37,5,11
3903508.48,12+,Games,37,0,1
100598784,12+,Games,40,5,14
171978752,12+,Games,37,5,1
74856448,4+,Games,40,5,1
285643776,12+,Games,38,5,11
964245504,9+,Games,37,5,5
97512448,4+,Games,38,5,11
26571776,4+,Games,38,5,7
75849728,4+,Games,38,5,9
969881600,9+,Games,37,5,4
178887680,12+,Games,38,5,7
167212032,12+,Games,37,1,1
126790656,9+,Games,37,3,2
21496832,4+,Games,40,2,1
138277888,4+,Games,37,5,1
77953024,12+,Games,37,5,1
272778240,9+,Games,40,1,1
57183232,4+,Games,38,5,1
173584384,12+,Games,38,5,1
116488192,4+,Games,38,5,11
87324672,4+,Games,37,5,1
45919232,4+,Games,40,0,1
152148992,9+,Games,38,4,18
34050048,4+,Games,40,0,2
236668928,4+,Games,38,5,11
130727936,9+,Games,37,5,11
189778944,9+,Games,37,5,1
20476928,4+,Games,38,5,11
156213248,4+,Games,40,5,1
366030848,9+,Games,37,5,13
256277504,12+,Games,37,5,1
10219520,4+,Games,38,4,1
94298112,4+,Games,38,5,2
17095680,4+,Games,40,3,10
35549184,4+,Games,37,4,1
123944960,4+,Games,38,5,10
120797184,9+,Games,37,5,1
79204352,4+,Games,37,5,1
226617344,4+,Games,37,5,1
106221568,4+,Games,40,5,1
542597120,9+,Games,25,5,1
242101248,4+,Games,37,5,15
85362688,4+,Games,38,5,1
536311808,12+,Games,24,5,1
127559680,9+,Games,37,5,5
20506624,4+,Games,38,4,1
479453184,12+,Games,38,5,1
150971392,12+,Games,37,5,1
147597312,9+,Games,37,4,6
167264256,4+,Games,38,5,4
1861763441,12+,Games,37,5,7
23513088,9+,Games,40,0,1
156247040,4+,Games,37,5,11
235838464,9+,Games,37,5,10
97480704,4+,Games,43,5,2
49047552,4+,Games,37,5,14
158268416,4+,Games,40,5,1
751140864,9+,Games,37,5,5
704336896,9+,Games,37,5,5
133867520,9+,Games,37,4,1
136130560,4+,Games,38,5,1
58182656,12+,Games,37,4,3
151424000,9+,Games,37,5,5
117156864,4+,Games,37,4,1
245209088,9+,Games,37,5,1
110459904,4+,Games,37,5,1
221721600,4+,Games,37,5,1
117479424,12+,Games,40,5,1
79126528,4+,Games,38,5,11
138964992,4+,Games,37,5,1
83590144,4+,Games,24,5,11
42434560,4+,Games,38,5,1
218849280,17+,Games,37,5,1
155706368,4+,Games,38,5,1
108646400,12+,Games,37,4,1
29322240,4+,Games,38,4,1
1861763441,12+,Games,37,5,1
97175552,4+,Games,37,5,1
85111808,4+,Games,38,3,5
203829248,4+,Games,38,5,1
113321984,4+,Games,38,5,1
93580288,4+,Games,37,5,1
111542272,4+,Games,38,5,11
119472128,4+,Games,40,5,1
132481024,4+,Games,40,5,1
209495040,12+,Games,38,5,1
234621952,4+,Games,37,5,1
993859584,17+,Games,25,5,1
40321024,4+,Games,40,2,1
324028416,4+,Games,38,5,11
77396992,4+,Games,40,5,1
112401408,4+,Games,38,5,2
292851712,12+,Games,37,5,5
143591424,4+,Games,40,5,1
361181184,4+,Games,37,5,3
35659776,4+,Games,37,5,13
27547648,4+,Games,40,2,1
97951744,4+,Games,38,5,1
296011776,4+,Games,38,4,1
222243840,4+,Games,37,5,1
275088384,9+,Games,37,5,1
191611904,4+,Games,38,5,4
187168768,12+,Games,38,5,9
76039168,4+,Games,38,5,1
902515712,9+,Games,37,5,5
30351360,4+,Games,38,5,1
106525696,4+,Games,38,5,16
474310656,4+,Games,37,5,1
138645504,4+,Games,38,5,1
45420544,4+,Games,40,5,2
100624384,4+,Games,38,5,11
469178368,4+,Games,40,5,1
60314624,4+,Games,40,4,1
90156032,9+,Games,40,5,1
111176704,4+,Games,38,5,16
35524608,4+,Games,38,5,1
137533440,12+,Games,37,5,1
25586688,12+,Games,38,5,1
42916864,12+,Games,38,5,1
40674304,12+,Games,38,5,1
40116224,4+,Games,40,2,1
29697024,12+,Games,38,5,1
101600256,4+,Games,38,5,1
81882112,9+,Games,37,5,8
283760640,9+,Games,37,5,3
47924224,4+,Games,37,3,1
32848896,17+,Games,37,0,1
146922496,4+,Games,37,5,1
125122560,9+,Games,38,5,1
350912512,9+,Games,40,5,1
65501184,4+,Games,37,5,4
94370816,4+,Games,38,5,11
956569600,9+,Games,37,5,4
131100672,4+,Games,38,5,11
21992448,9+,Games,38,5,4
268526592,4+,Games,38,5,11
42499072,4+,Games,40,5,3
87374848,4+,Games,37,5,1
434906112,4+,Games,37,5,1
217378816,17+,Games,38,5,1
46997504,4+,Games,38,5,1
67192832,4+,Games,37,5,1
88484864,4+,Games,40,0,1
392790016,4+,Games,38,5,4
142680064,4+,Games,38,5,1
187321344,9+,Games,38,5,1
281393152,4+,Games,37,4,1
76563456,4+,Games,37,5,1
127227904,12+,Games,37,5,1
41964544,4+,Games,40,0,1
479346688,12+,Games,40,5,1
183178240,12+,Games,37,5,1
128708608,4+,Games,40,5,1
162812928,12+,Games,37,3,1
23376896,12+,Games,38,5,1
57315328,4+,Games,40,4,10
64712704,4+,Games,37,5,1
71790592,4+,Games,37,0,1
32714752,4+,Games,40,0,2
169488384,4+,Games,38,5,1
91834368,4+,Games,37,5,1
95555584,12+,Games,38,3,1
279991296,4+,Games,38,5,11
91865088,4+,Games,38,5,16
102147072,4+,Games,38,5,16
81683456,4+,Games,40,2,1
15002624,4+,Games,38,0,1
323822592,4+,Games,38,5,1
246023168,9+,Games,37,5,1
59572224,4+,Games,38,5,1
124506112,4+,Games,40,5,1
86687744,12+,Games,37,0,5
219144192,4+,Games,37,5,1
299749376,4+,Games,37,5,1
150863872,12+,Games,37,0,1
62359552,4+,Games,40,3,25
203589632,4+,Games,37,5,1
628180992,9+,Games,37,5,1
278811648,4+,Games,37,5,1
89188352,4+,Games,38,5,1
143346688,4+,Games,40,0,1
242505728,4+,Games,40,5,1
169535488,4+,Games,37,5,1
64244736,4+,Games,37,5,25
33946624,4+,Games,37,5,1
57349120,9+,Games,40,5,1
52342784,4+,Games,37,5,2
168774656,12+,Games,38,4,1
27853824,17+,Games,37,0,1
126644224,4+,Games,38,5,1
120760320,4+,Games,38,0,1
97235968,12+,Games,38,0,2
90898432,4+,Games,40,0,2
130242560,12+,Music,37,4,1
147093504,12+,Music,37,3,16
11423008,4+,Music,43,2,10
4263936,4+,Music,43,1,1
116443136,12+,Music,37,5,2
107983872,4+,Music,37,4,12
63283200,4+,Music,37,5,33
22185984,4+,Music,37,5,10
40717312,4+,Music,37,5,14
101925888,12+,Music,37,4,14
132510720,12+,Music,37,5,18
105009152,4+,Music,37,4,7
147118080,12+,Music,37,3,15
91267072,9+,Music,37,4,14
70516736,9+,Music,37,5,23
103049216,4+,Music,37,0,6
35717120,4+,Music,24,5,14
109270016,12+,Music,37,4,9
3903508.48,4+,Music,43,0,1
34405376,4+,Music,38,5,12
132141056,4+,Music,37,5,12
101735424,12+,Music,37,4,14
55030784,4+,Music,37,5,12
13062144,4+,Music,37,5,1
385908736,4+,Music,38,5,1
26399744,4+,Music,37,5,4
80923648,4+,Music,37,3,7
223332352,4+,Music,37,5,8
144888832,4+,Music,37,5,12
65954816,4+,Music,37,5,25
72814592,4+,Music,38,0,12
75674624,4+,Music,43,5,16
109940736,9+,Music,37,5,12
77778944,4+,Music,37,5,6
71257088,12+,Music,37,5,12
84864000,12+,Music,25,0,1
41123840,12+,Music,37,1,1
44860416,4+,Music,24,5,1
56131584,4+,Music,37,3,23
95711232,4+,Music,38,5,19
26939392,4+,Music,37,5,2
1032812544,4+,Music,24,5,1
184817664,12+,Music,37,4,11
16686080,17+,Music,37,5,2
40071168,12+,Music,37,0,3
41422848,4+,Music,24,5,1
128413696,4+,Music,37,5,5
119949312,4+,Music,24,5,7
76720128,4+,Music,37,0,7
117793792,4+,Music,37,5,22
14417920,4+,Music,37,4,3
54193152,12+,Music,37,4,1
59085824,4+,Music,38,5,12
918957056,4+,Music,37,5,5
86334464,4+,Music,38,4,1
132413440,12+,Music,37,0,14
32728064,12+,Music,37,4,2
121240576,4+,Music,37,5,2
73091072,4+,Music,38,5,18
36992000,4+,Music,37,5,3
54278144,12+,Music,37,0,2
63882240,12+,Music,37,5,9
73674752,4+,Music,37,0,5
5883904,4+,Music,37,0,10
134921216,12+,Music,37,5,11
1385491456,4+,Music,37,5,5
138166272,4+,Music,37,5,11
73953280,4+,Music,25,3,1
22730752,12+,Music,37,3,1
31550464,4+,Music,38,3,1
190360576,4+,Music,37,5,1
95298560,4+,Music,24,5,31
21928960,4+,Music,38,3,4
18927616,4+,Music,38,5,31
63872000,12+,Music,37,0,1
134340608,4+,Music,24,5,8
113533952,4+,Music,37,5,13
69876736,12+,Music,37,4,9
508655616,4+,Music,37,5,1
88055808,4+,Music,37,5,2
49049600,4+,Music,37,5,1
38459392,4+,Music,38,0,11
146113536,4+,Music,35,5,34
48986112,4+,Music,38,0,11
22317056,4+,Music,38,5,14
49267712,4+,Music,38,5,14
205972480,4+,Music,25,5,1
6290432,4+,Music,37,5,1
293967872,4+,Music,24,5,7
103392256,4+,Music,37,5,2
88309760,4+,Music,37,4,4
20305920,4+,Music,37,3,2
601800704,12+,Music,38,5,1
32579584,4+,Music,37,3,1
5267456,4+,Music,24,5,1
70608896,4+,Music,37,5,1
93433856,4+,Music,24,5,1
28763136,4+,Music,37,0,1
3903508.48,4+,Music,37,5,1
10542080,4+,Music,37,5,1
75792384,4+,Music,37,5,1
29427712,4+,Music,24,3,2
49390592,4+,Music,24,5,1
43658240,4+,Music,24,1,1
75583488,4+,Music,37,5,4
105809920,4+,Music,25,5,2
45229056,4+,Photo & Video,37,5,1
28135424,4+,Photo & Video,37,0,3
122315776,4+,Photo & Video,37,5,1
12818432,12+,Photo & Video,37,5,1
89187328,4+,Photo & Video,37,0,10
73332736,4+,Photo & Video,37,5,1
9906176,4+,Photo & Video,37,0,1
4466688,4+,Photo & Video,37,5,4
21771264,12+,Photo & Video,38,5,14
35422208,4+,Photo & Video,40,5,1
34310144,4+,Photo & Video,26,5,1
45182976,4+,Photo & Video,37,5,2
58463232,4+,Photo & Video,37,5,1
27962368,4+,Photo & Video,37,0,14
18752512,4+,Photo & Video,24,5,1
7954432,4+,Photo & Video,38,5,3
36705280,4+,Photo & Video,37,5,1
72586240,4+,Photo & Video,37,5,1
113954816,12+,Photo & Video,37,0,29
29494272,4+,Photo & Video,37,5,13
22227968,4+,Photo & Video,37,0,4
123070464,4+,Photo & Video,37,5,22
29369344,4+,Photo & Video,37,0,31
5800960,4+,Photo & Video,38,5,1
65495040,4+,Photo & Video,37,5,8
142101504,4+,Photo & Video,37,0,5
84909056,4+,Photo & Video,37,5,7
4511744,4+,Photo & Video,40,0,1
36758528,4+,Photo & Video,37,5,21
58143744,4+,Photo & Video,37,5,1
25382912,4+,Photo & Video,37,5,8
92432384,9+,Photo & Video,37,4,1
141322240,4+,Photo & Video,37,3,34
91466752,17+,Photo & Video,38,0,11
102964224,12+,Photo & Video,37,5,10
161159168,12+,Photo & Video,37,0,12
14741504,4+,Photo & Video,38,5,1
109210624,12+,Photo & Video,37,5,12
25620480,4+,Photo & Video,40,0,1
119500800,4+,Photo & Video,38,5,3
7671808,4+,Photo & Video,40,4,6
107525120,4+,Photo & Video,24,5,3
77390848,4+,Photo & Video,38,5,5
14578688,4+,Photo & Video,37,0,12
101117952,12+,Photo & Video,37,3,10
15488000,4+,Photo & Video,37,0,2
120877056,17+,Photo & Video,37,0,9
108412928,4+,Photo & Video,37,5,4
12115968,4+,Photo & Video,37,3,1
96086016,9+,Photo & Video,37,5,7
134016000,4+,Photo & Video,37,3,10
118072320,4+,Photo & Video,37,3,10
81019904,4+,Photo & Video,37,5,7
84792320,12+,Photo & Video,37,5,34
120474624,4+,Photo & Video,37,2,13
77113344,4+,Photo & Video,37,5,16
3903508.48,4+,Photo & Video,37,1,1
72188928,4+,Photo & Video,37,5,18
55636992,4+,Photo & Video,38,5,24
112790528,4+,Photo & Video,37,5,1
74172416,4+,Photo & Video,40,5,2
52942848,4+,Photo & Video,38,0,9
26597376,4+,Photo & Video,35,4,21
73878528,4+,Photo & Video,37,5,11
36269056,12+,Photo & Video,37,5,23
88022016,4+,Photo & Video,37,5,4
94266368,4+,Photo & Video,37,5,4
21434368,4+,Photo & Video,38,0,27
123987968,4+,Photo & Video,38,5,29
109300736,4+,Photo & Video,37,5,1
22585344,4+,Photo & Video,40,5,9
35957760,4+,Photo & Video,37,5,6
112073728,4+,Photo & Video,37,5,22
45243392,4+,Photo & Video,38,0,3
46732288,4+,Photo & Video,37,5,31
54000640,4+,Photo & Video,37,5,22
76231680,4+,Photo & Video,37,5,1
99624960,4+,Photo & Video,37,1,23
112688128,4+,Photo & Video,37,0,16
32724992,4+,Photo & Video,37,5,6
124726272,12+,Photo & Video,37,5,21
3923968,4+,Photo & Video,37,0,1
161335296,4+,Photo & Video,37,0,6
39256064,4+,Photo & Video,37,5,6
20610048,4+,Photo & Video,37,5,19
88886272,4+,Photo & Video,25,5,3
63549440,4+,Photo & Video,38,5,1
61157376,4+,Photo & Video,38,0,12
120056832,4+,Photo & Video,37,5,18
95378432,4+,Photo & Video,38,5,4
140902400,4+,Photo & Video,37,5,8
3903508.48,4+,Photo & Video,38,5,1
52002816,4+,Photo & Video,38,5,12
76257280,4+,Photo & Video,37,5,9
128229376,4+,Photo & Video,37,0,9
118618112,4+,Photo & Video,38,5,5
30717952,4+,Photo & Video,37,5,1
52312064,4+,Photo & Video,37,5,10
112843776,4+,Photo & Video,38,5,1
18268160,4+,Photo & Video,40,5,1
11747328,4+,Photo & Video,38,5,11
125425664,4+,Photo & Video,37,0,9
222722048,9+,Photo & Video,37,0,30
189254656,4+,Photo & Video,37,5,12
187350016,4+,Photo & Video,37,4,10
177529856,4+,Photo & Video,38,5,24
14665728,4+,Photo & Video,38,5,1
31154176,17+,Photo & Video,43,5,28
16912384,4+,Photo & Video,40,5,2
16485376,4+,Photo & Video,37,4,1
15210496,4+,Photo & Video,37,0,1
53941248,4+,Photo & Video,37,5,1
72655872,4+,Photo & Video,24,5,12
54693888,4+,Photo & Video,40,0,9
101650432,4+,Photo & Video,37,5,9
211343360,4+,Photo & Video,37,5,15
96517120,4+,Photo & Video,37,0,10
102120448,4+,Photo & Video,38,0,5
45063168,4+,Photo & Video,37,5,13
136221696,4+,Photo & Video,37,0,19
109877248,17+,Photo & Video,37,0,29
6580224,4+,Photo & Video,37,5,12
55678976,4+,Photo & Video,37,5,8
131635200,4+,Photo & Video,37,5,16
80793600,4+,Photo & Video,37,2,5
22478848,4+,Photo & Video,38,0,30
69170176,9+,Photo & Video,37,5,11
90218496,4+,Photo & Video,37,5,16
110953472,4+,Photo & Video,37,5,18
146830336,4+,Photo & Video,24,5,12
40141824,17+,Photo & Video,37,5,12
61438976,4+,Photo & Video,37,5,12
34190336,4+,Photo & Video,37,5,21
173910016,12+,Photo & Video,37,0,21
104902656,12+,Photo & Video,37,4,7
147106816,12+,Photo & Video,37,0,3
147728384,12+,Photo & Video,38,0,3
52169728,4+,Photo & Video,37,5,2
102500352,12+,Photo & Video,40,5,3
118107136,12+,Photo & Video,37,0,25
133124096,9+,Photo & Video,37,4,16
54254592,12+,Photo & Video,37,0,3
56615936,4+,Photo & Video,37,5,5
143550464,4+,Photo & Video,24,0,12
61046784,9+,Photo & Video,37,5,8
40767488,4+,Photo & Video,37,5,1
138831872,4+,Photo & Video,37,5,20
202334208,4+,Photo & Video,37,5,19
17196032,4+,Photo & Video,37,5,2
51412992,4+,Photo & Video,40,5,31
126391296,4+,Photo & Video,37,5,17
39219200,4+,Photo & Video,37,5,10
81220608,4+,Photo & Video,37,5,21
41463808,4+,Photo & Video,38,0,1
9646080,17+,Photo & Video,38,5,1
25153536,4+,Photo & Video,38,0,30
181997568,4+,Photo & Video,37,5,24
57647104,4+,Photo & Video,37,5,16
240285696,4+,Photo & Video,37,5,1
5897216,4+,Photo & Video,37,2,11
132711424,4+,Photo & Video,37,5,11
127879168,4+,Photo & Video,37,5,13
36184064,4+,Photo & Video,38,0,26
78735360,4+,Photo & Video,37,3,1
99231744,4+,Photo & Video,37,5,13
121899008,12+,Photo & Video,37,0,11
135152640,4+,Photo & Video,37,0,19
71397376,4+,Photo & Video,37,5,11
99465216,4+,Photo & Video,37,5,13
18546688,4+,Photo & Video,37,0,1
64729088,4+,Photo & Video,38,5,14
107235328,4+,Photo & Video,37,0,15
11715584,4+,Photo & Video,40,5,1
18935808,4+,Photo & Video,43,5,5
160215040,4+,Photo & Video,37,5,34
188807168,4+,Photo & Video,37,5,12
9355264,4+,Photo & Video,37,0,27
105525248,4+,Photo & Video,37,5,10
91374592,4+,Photo & Video,37,5,1
115112960,4+,Photo & Video,37,0,13
48201728,17+,Photo & Video,37,0,1
8335360,4+,Photo & Video,37,5,1
9326592,4+,Photo & Video,37,2,1
50565120,4+,Photo & Video,38,5,1
16275456,4+,Photo & Video,37,5,1
57919488,4+,Photo & Video,37,5,17
274699264,4+,Photo & Video,37,5,13
56421376,4+,Photo & Video,37,5,10
204382208,4+,Photo & Video,37,0,33
109117440,4+,Photo & Video,37,5,31
18767872,4+,Photo & Video,43,5,5
47943680,4+,Photo & Video,37,5,12
87287808,12+,Photo & Video,37,5,1
55851008,4+,Photo & Video,37,0,9
39056384,4+,Photo & Video,37,0,2
71816192,4+,Photo & Video,37,0,5
37767168,4+,Photo & Video,37,5,11
39306240,4+,Photo & Video,37,5,1
104204288,4+,Photo & Video,37,5,21
76221440,4+,Photo & Video,37,0,1
58049536,12+,Photo & Video,37,0,8
119274496,4+,Photo & Video,37,0,5
42884096,12+,Photo & Video,38,0,1
18984960,4+,Photo & Video,43,5,5
27561984,4+,Photo & Video,43,5,5
19247104,4+,Photo & Video,43,5,5
15195136,4+,Photo & Video,38,5,1
53268480,4+,Photo & Video,37,5,11
89829376,12+,Photo & Video,37,5,13
83418112,4+,Photo & Video,37,5,13
16869376,4+,Photo & Video,37,5,2
40071168,4+,Photo & Video,38,5,18
74435584,4+,Photo & Video,37,5,2
13051904,4+,Photo & Video,37,5,12
29030400,4+,Photo & Video,37,0,1
23003136,4+,Photo & Video,37,0,1
36320256,4+,Photo & Video,37,0,3
47119360,4+,Photo & Video,37,0,18
13921280,4+,Photo & Video,37,5,8
16411648,4+,Photo & Video,40,0,2
68282368,4+,Photo & Video,37,0,24
198906880,9+,Photo & Video,37,5,11
24253440,12+,Photo & Video,37,0,1
47585280,4+,Photo & Video,37,5,1
166354944,4+,Photo & Video,37,5,12
140281856,4+,Photo & Video,37,4,11
3903508.48,4+,Photo & Video,37,0,2
153460736,4+,Photo & Video,37,5,10
117997568,12+,Photo & Video,37,5,12
83113984,4+,Photo & Video,25,3,9
90942464,4+,Photo & Video,37,0,11
99978240,17+,Photo & Video,37,4,2
85392384,12+,Photo & Video,37,3,11
117949440,9+,Photo & Video,37,0,11
84549632,4+,Photo & Video,37,5,24
5553152,4+,Photo & Video,38,5,1
69005312,4+,Photo & Video,37,0,11
97897472,9+,Photo & Video,37,5,1
56849408,4+,Photo & Video,37,0,10
76442624,9+,Photo & Video,37,0,2
77242368,4+,Photo & Video,25,5,8
131016704,4+,Photo & Video,25,4,9
11674624,12+,Photo & Video,40,3,1
6919168,12+,Photo & Video,37,1,1
108771328,4+,Photo & Video,37,5,16
86294528,4+,Photo & Video,37,0,1
55673856,4+,Photo & Video,37,3,8
11880448,17+,Photo & Video,37,4,11
42786816,4+,Photo & Video,37,5,11
25473024,4+,Photo & Video,25,5,10
90322944,4+,Photo & Video,38,0,3
31147008,4+,Photo & Video,37,5,13
133572608,4+,Photo & Video,37,0,6
71370752,4+,Photo & Video,25,0,34
97276928,12+,Photo & Video,38,0,2
92774400,4+,Reference,37,5,34
70707916,4+,Reference,43,0,2
210088960,4+,Reference,37,5,2
111275008,4+,Reference,37,0,1
30369792,9+,Reference,37,5,1
66138112,4+,Reference,38,5,1
165748736,4+,Reference,24,5,9
108836864,4+,Reference,37,0,1
100551680,4+,Reference,37,5,16
152671232,17+,Reference,37,5,3
155593728,4+,Reference,38,1,12
30382080,4+,Reference,38,0,11
13778944,4+,Reference,37,4,3
22264832,12+,Reference,40,5,1
162652160,4+,Reference,24,5,9
75027456,4+,Reference,37,5,19
103469056,4+,Reference,37,5,15
596499456,4+,Reference,37,5,29
148458496,4+,Reference,38,4,12
69448704,4+,Reference,37,5,2
20587520,4+,Reference,24,5,3
175430656,4+,Reference,37,5,11
265569280,4+,Reference,37,5,2
18964480,4+,Reference,37,0,3
60432384,4+,Reference,38,5,12
164829184,12+,Reference,40,4,1
151115776,12+,Reference,40,4,1
31600640,17+,Reference,37,5,2
10645504,4+,Reference,37,2,2
69587968,4+,Reference,38,5,1
103895040,4+,Reference,37,0,11
656701440,4+,Reference,37,5,1
65344512,12+,Reference,38,4,1
115707904,12+,Reference,38,3,1
27025408,4+,Reference,38,4,1
27295744,4+,Reference,38,4,1
52959232,4+,Reference,38,3,2
86874112,12+,Reference,37,4,1
27029504,17+,Reference,37,2,1
89927680,12+,Reference,37,4,1
90124288,4+,Reference,37,4,1
85424128,12+,Reference,37,4,1
